Source PDF,Manifest Number,Start Page,End Page,Origin Dairy Name,Origin Dairy Address,Origin Dairy Latitude (Geocoded),Origin Dairy Longitude (Geocoded),Destination Address Final,Destination Address Final Source,Destination Type (Standardized),Destination Latitude (Geocoded),Destination Longitude (Geocoded),First Haul Date,Last Haul Date,Is Pipeline,Is Trucked,Manure Mass per Haul (tons),Manure Number of Hauls,Total Manure Amount (tons),Manure Solids (%),Number of 10-ton Hauls for Analysis,Number of 20-ton Hauls for Analysis
2024AR_Banos Dairy_4667 Ave 23.5_Madera,1,25,26,Banos Dairy,4667 Avenue 23 1/2 Chowchilla Madera 93610,37.090736617769,-120.470252098356,1275 North Avenue Gustine 95322 North Avenue Merced,Destination Address,Broker,37.260716449125,-121.007144535429,,2024-10-01,False,True,,,1800.0,62.4,115.0,33.0
2024AR_Banos Dairy_4667 Ave 23.5_Madera,2,27,28,Banos Dairy,4667 Avenue 23 1/2 Chowchilla Madera 93610,37.090736617769,-120.470252098356,1275 North Avenue Gustine 95322 North Avenue Merced,Destination Address,Broker,37.260716449125,-121.007144535429,,2024-06-10,False,True,,,2100.0,83.3,134.0,38.0
2024AR_Black Diamond Dairy_18789 S Fruit Ave_Fresno,3,40,41,Black Diamond Dai,18541 S Fruit Ave Riverdale Fresno 93656,36.463649173483,-119.829910090114,Riverdale 93656 Across From Andrew/Fruit & West Fresno,Destination Address,Farmer,,,,2024-10-10,False,True,,,3580.0,71.8,229.0,65.0
2024AR_Cedar Avenue Feedlot_21622 S Cedar Ave_Fresno,2,34,35,Cedar Avenue Feedlot,21622 Cedar Avenue Laton Fresno 93242,36.421381456974,-119.759995713718,Riverdale 93656 Stockpile Fresno,Destination Address,Broker,,,,2024-07-05,False,True,,,600.0,51.0,38.0,11.0
2024AR_Fred Rau Dairy_10255 W Manning Ave_Fresno,1,189,190,Fred Rau Dairy Inc.,10255 W. Manning Fresno Fresno County 93706 Zip Code,36.596834471727,-119.980291994279,,,Other,,,,2024-08-24,False,True,,,675.0,41.73,43.0,12.0
2024AR_Fred Rau Dairy_10255 W Manning Ave_Fresno,2,191,192,Fred Bau Dairy Inc.,10255 W. Manning Fresno Fresno 93706,36.596834471727,-119.980291994279,,,Other,,,,2024-09-02,False,True,,,675.0,13.3,43.0,12.0
2024AR_Fred Rau Dairy_10255 W Manning Ave_Fresno,3,193,194,Fred Rau Daily Ive.,W. Manning Fresno Fresno 93706,36.6045781,-119.9192415,,,Other,,,,2024-09-04,False,True,,,562.5,13.3,36.0,10.0
2024AR_Fred Rau Dairy_10255 W Manning Ave_Fresno,4,195,196,Fred Rau Pairy,10255 W. Manning Ave Fresco Fresno 93706,36.596834471727,-119.980291994279,,,Other,,,,2024-09-07,False,True,,,337.5,38.8,22.0,6.0
2024AR_Fred Rau Dairy_10255 W Manning Ave_Fresno,5,197,198,Fred Rau Dairy Inc.,10255 W. Manning Ave Fresno Fresno 93706,36.596834471727,-119.980291994279,,,Other,,,,2024-09-09,False,True,,,187.5,38.9,12.0,3.0
2024AR_Fred Rau Dairy_10255 W Manning Ave_Fresno,6,199,200,Fred Rau Dairy Inc.,10255 W. Manning Ave Fresno Fresno 93706,36.596834471727,-119.980291994279,,,Other,,,,2024-09-11,False,True,,,562.5,38.8,36.0,10.0
2024AR_Fred Rau Dairy_10255 W Manning Ave_Fresno,7,201,202,Fred Rau Dairy Inc.,10255 W. Manning Ave Fresno Fresno 93206,36.596834471727,-119.980291994279,,,Other,,,,2024-09-27,False,True,,,450.0,35.8,29.0,8.0
2024AR_Fred Rau Dairy_10255 W Manning Ave_Fresno,8,203,204,Fred Rau Dairy Inc.,10255 W. Manning Ave Fresno Fresno 93206,36.596834471727,-119.980291994279,,,Other,,,,2024-09-28,False,True,,,4500.0,35.8,287.0,81.0
2024AR_Fred Rau Dairy_10255 W Manning Ave_Fresno,9,205,206,Fred Rau Dairy Juc.,9321 S. Ormus Ave. Raisin City Fresno 93652,36.599430933874,-119.903739150569,,,Other,,,,2024-10-07,False,True,,,450.0,46.1,29.0,8.0
2024AR_Fred Rau Dairy_10255 W Manning Ave_Fresno,10,207,208,Fred Rau Dairy Juc.,10255 W. Manning Ave Fresno Fresno 93706,36.596834471727,-119.980291994279,,,Other,,,,2024-10-22,False,True,,,675.0,12.2,43.0,12.0
2024AR_G & A Dairy #2_6043 S Madera Ave_Fresno,5,29,30,G & A Dairy #2,6043 S Madera Kerman Fresno 93630,36.646395868923,-120.063654882863,Hanford 93230 Flint Avenue Kings,Destination Address,Broker,36.371851115141,-119.654880000439,,2024-10-01,False,True,,,2140.0,75.7,137.0,39.0
2024AR_G & A Dairy_2200 S Marks Ave_Fresno,2,36,37,G&A Dairy,2200 S. Marks Avenue Fresno Ca 93706,36.700648868783,-119.842021521107,Bottasso Muscat & Westlawn,Destination Address,Blank,,,,2024-05-17,False,True,,,1946.0,54.3,124.0,35.0
2024AR_G & A Dairy_2200 S Marks Ave_Fresno,3,38,39,G&A Dairy,2200 S. Marks Avenue Fresno Ca 93706,36.700648868783,-119.842021521107,Big De Muscat & Westlawn,Destination Address,Blank,,,,2024-05-22,False,True,,,1450.0,54.3,93.0,26.0
2024AR_G & A Dairy_2200 S Marks Ave_Fresno,4,40,41,G&A Dairy,2200 S. Marks Avenue Fresno Ca 93706,36.700648868783,-119.842021521107,Central Dickenson,Destination Address,Farmer,,,,2024-08-31,False,True,,,750.0,54.3,48.0,14.0
2024AR_G & A Dairy_2200 S Marks Ave_Fresno,5,42,43,G&A Dairy,2200 S. Marks Avenue Fresno Ca 93706,36.700648868783,-119.842021521107,Central Rolinda,Destination Address,Farmer,,,,2024-09-17,False,True,,,750.0,54.3,48.0,14.0
2024AR_G & A Dairy_2200 S Marks Ave_Fresno,6,44,45,G&A Dairy,2200 S. Marks Avenue Fresno Ca 93706,36.700648868783,-119.842021521107,Central Jameson,Destination Address,Farmer,,,,2024-09-23,False,True,,,825.0,54.3,53.0,15.0
2024AR_G & A Dairy_2200 S Marks Ave_Fresno,7,46,47,G&A Dairy,2200 S. Marks Avenue Fresno Ca 93706,36.700648868783,-119.842021521107,Cornelia American,Destination Address,Farmer,,,,2024-09-24,False,True,,,1725.0,54.3,110.0,31.0
2024AR_G & A Dairy_2200 S Marks Ave_Fresno,8,48,49,G&A Dairy,2200 S. Marks Avenue Fresno Ca 93706,36.700648868783,-119.842021521107,Central Grantland,Destination Address,Farmer,,,,2024-10-18,False,True,,,750.0,54.3,48.0,14.0
2024AR_G & A Dairy_2200 S Marks Ave_Fresno,9,50,51,G&A Dairy,2200 S. Marks Avenue Fresno Ca 93706,36.700648868783,-119.842021521107,Central Muscat,Destination Address,Farmer,,,,2024-10-23,False,True,,,1724.0,54.3,110.0,31.0
2024AR_G & A Dairy_2200 S Marks Ave_Fresno,10,52,53,G&A Dairy,2200 S. Marks Avenue Fresno Ca 93706,36.700648868783,-119.842021521107,Americo Foglio,Destination Address,Farmer,,,,,False,True,,,1750.0,54.3,112.0,32.0
2024AR_Gerrit Visser & Sons Dairy_18565 S Marks Ave_Fresno,1,46,47,Gerrit Visser & Sour,18437 S. Marker Ave Riverdale 93656,,,13265 W Jenson Keman 93630,Destination Contact Address,Blank,36.705418590785,-120.029543219148,2024-06-01,2024-10-01,False,True,,,5420.0,81.0,346.0,98.0
2024AR_J & D Wilson & Sons Dairy_11720 W Mt Whitney Ave_Fresno,1,70,71,J&D Wilson & Sons Dairy,11720 W Mt. Whitney Ave Riverdale Fresno 93656,36.431184511833,-120.008076326925,Riverdale 93656 Compost Yard Fresno,Destination Address,Broker,,,,2024-01-15,False,True,,,6500.0,59.4,415.0,117.0
2024AR_J & D Wilson & Sons Dairy_11720 W Mt Whitney Ave_Fresno,2,72,73,J&D Wilson & Sons Dai,11720 W Mt. Whitney Ave Riverdale Fresno 93656,36.431184511833,-120.008076326925,Riverdale 93656 Compost Yard Fresno,Destination Address,Broker,,,,2024-04-01,False,True,,,6500.0,59.4,415.0,117.0
2024AR_J & D Wilson & Sons Dairy_11720 W Mt Whitney Ave_Fresno,3,74,75,J&D Wilson & Sons Dai,11720 W Mt. Whitney Ave Riverdale Fresno 93656,36.431184511833,-120.008076326925,Riverdale 93656 Compost Yard Fresno,Destination Address,Broker,,,,2024-12-02,False,True,,,4657.0,40.1,297.0,84.0
2024AR_J&D Wilson Dry Cows_430 W Mt. Whitney Ave_Fresno,1,68,69,J&D Wilson Dry Cows,430 W Mt. Whitney Ave Riverdale Fresno 93656,36.432888552748,-119.80456681913,Riverdale 93656 Stockpile Fresno,Destination Address,Broker,,,,2024-07-05,False,True,,,850.0,57.5,54.0,15.0
2024AR_J&D Wilson Dry Cows_430 W Mt. Whitney Ave_Fresno,2,70,71,J&D Wilson Dry Cows,430 W Mt. Whitney Ave Riverdale Fresno 93656,36.432888552748,-119.80456681913,Riverdale 93656 Stockpile Fresno,Destination Address,Broker,,,,2024-09-10,False,True,,,11410.0,56.8,729.0,206.0
2024AR_Joe R. Garcia Dairy_20677 East Ave_Fresno,1,90,91,Joe R Garcia Dairy Aka Netto Enterprise,20677 S East Ave Laton Fresno 93242,36.434386316228,-119.780494661076,Hanford 93230 Stockpile Kings,Destination Address,Broker,,,,2024-04-04,False,True,,,1500.0,62.9,96.0,27.0
2024AR_Kerman Cattle Company_4301 S Dickenson Ave_Fresno,1,53,54,Kerman Cattle Co,4301 S Dickenson Fresno Fresno 93706,36.673706707858,-119.974689111102,Kerman 93656 Kamm Fresno,Destination Address,Broker,,,,2024-10-22,False,True,,,2200.0,53.0,141.0,40.0
"2024AR_Kiss Cattle, LLC_2585 S Chateau Fresno Ave_Fresno",1,28,29,Kiss Cattle Llc,2585 South Chateau Fresno Avenue Fresno Ca 93706,36.696670146983,-119.935860279918,Muscat-Westlawn,Destination Address,Blank,,,,2024-11-01,False,True,,,1064.0,46.2,68.0,19.0
"2024AR_Kiss Cattle, LLC_2585 S Chateau Fresno Ave_Fresno",2,30,31,Kiss Cattle Llc,2585 South Chateau Fresno Avenue Fresno Ca 93706,36.696670146983,-119.935860279918,Central Dickenson,Destination Address,Blank,,,,2024-07-05,False,True,,,525.0,79.9,34.0,9.0
"2024AR_Kiss Cattle, LLC_2585 S Chateau Fresno Ave_Fresno",3,32,33,Kiss Cattle Llc,2585 South Chateau Fresno Avenue Fresno Ca 93706,36.696670146983,-119.935860279918,Jensen-Westlawn,Destination Address,Blank,,,,2024-10-02,False,True,,,355.0,46.2,23.0,6.0
2024AR_LaSalle Dairy_10663 7.5 Ave_Madera,2,35,36,La Salle Dairy,10663 Ave 7 12 Firebaugh 93622,36.853988268175,-120.325678219002,Ryan Machado 559 474-2377,Destination Contact Address,Composting Facility,37.655856668849,-121.822869424706,2024-05-15,2024-05-22,False,True,,,4150.0,,265.0,75.0
2024AR_Mt. Whitney Dairy_2792 W Mt. Whitney Ave_Fresno,1,106,107,Mt. Whitney Dairy,2792 W Mt. Whitney AVE Riverdale Fresno 93656,,,20784 S Marks Ave Riverdale 93656,Destination Address,Farmer,36.436559071968,-119.846083139929,,,False,True,,,2380.0,57.9,152.0,43.0
2024AR_Mt. Whitney Dairy_2792 W Mt. Whitney Ave_Fresno,2,108,109,Mt. Whitney Dairy,2792 W Mt. Whitney AVE Riverdale Fresno 93656,,,20784 S Marks Ave Riverdale 93656,Destination Address,Farmer,36.436559071968,-119.846083139929,,,False,True,,,1170.0,57.9,75.0,21.0
2024AR_Mt. Whitney Dairy_2792 W Mt. Whitney Ave_Fresno,3,110,111,Mt. Whitney Dairy,2792 W Mt. Whitney AVE Riverdale Fresno 93656,,,22391 S Hughes Ave Riverdale 93656,Destination Address,Farmer,36.411198995268,-119.845374785292,,,False,True,,,204.0,58.5,13.0,4.0
2024AR_Open Sky Heifer Ranch (former Morning Star Dairy)_10032 W Elkhorn Ave_Fresno,1,126,127,Morning Star Dairy Inc,10262 W Elkhom Ave Burrel Fresno 93607,,,19721 Excelsior Ave Riverdale 93656 Fresno Fresno,Destination Address,Broker,36.40155859124,-119.810950979502,,2024-11-25,False,True,,,619.45,73.0,40.0,11.0
2024AR_Open Sky Heifer Ranch (former Morning Star Dairy)_10032 W Elkhorn Ave_Fresno,4,132,133,Morning Star Dairy Inc,10032 W Elkhorn Ave Fresno,36.495805758282,-119.980192333451,"113 Walnut St Madera, CA 93637",Destination Address,Broker,36.949421617645,-120.056857997578,,2024-11-22,True,True,,,724.81,73.0,46.0,13.0
2024AR_Pacheco Dairy_1108 N Plumas Ave_Fresno,1,103,103,Pacheco Dairy Inc.,1108 N. Plumas Kerman 93630,36.751778603881,-120.139670027485,015-091-045,Destination Assessor Parcel Number,Blank,34.397981,-119.726314,2024-10-23,2024-10-28,False,True,,,289.89,,19.0,5.0
2024AR_Pacheco Dairy_1108 N Plumas Ave_Fresno,2,104,104,Pacheco Dairy Inc.,1108 N. Plumas Kerman 93630,36.751778603881,-120.139670027485,180 Whitesbridge Rd Jones Place Kerman,Destination Address,Blank,,,,2024-11-14,False,True,,,56.7,,4.0,1.0
2024AR_Pacheco Dairy_1108 N Plumas Ave_Fresno,3,105,105,Pacheco Dairy Inc.,1108 N. Plumas Kerman 93630,36.751778603881,-120.139670027485,015-080-075,Destination Assessor Parcel Number,Blank,39.770636,-121.837778,,2024-10-28,False,True,,,145.07,,9.0,3.0
2024AR_Pacheco Dairy_1108 N Plumas Ave_Fresno,4,106,106,Pacheco Dairy Inc.,1108 N. Plumas Kerman 93630,36.751778603881,-120.139670027485,015-040-425,Destination Assessor Parcel Number,Blank,37.9715,-122.311281,,2024-11-11,False,True,,,21.25,,1.0,0.0
2024AR_Pacheco Dairy_1108 N Plumas Ave_Fresno,5,107,107,Pacheco Dairy Inc.,1108 N. Plumas Kerman 93630,36.751778603881,-120.139670027485,015-080-115,Destination Assessor Parcel Number,Blank,37.967097,-121.995926,,2024-11-14,False,True,,,22.61,,1.0,0.0
2024AR_Pacheco Dairy_1108 N Plumas Ave_Fresno,6,108,108,Pacheco Dairy Inc.,1108 N. Plumas Kerman 93630,36.751778603881,-120.139670027485,015-091-01,Destination Assessor Parcel Number,Blank,33.71777,-117.871676,2024-10-23,2024-10-29,False,True,,,204.72,,13.0,4.0
2024AR_Pacheco Dairy_1108 N Plumas Ave_Fresno,7,109,109,Pacheco Dairy Inc.,1108 N. Plumas Kerman 93630,36.751778603881,-120.139670027485,015-091-165,Destination Assessor Parcel Number,Blank,33.984897,-117.476823,,2026-11-21,False,True,,,121.46,,8.0,2.0
2024AR_Pacheco Dairy_1108 N Plumas Ave_Fresno,8,110,110,Pacheco Dairy Inc.,1108 N. Plumas Kerman 93630,36.751778603881,-120.139670027485,40-131-04,Destination Assessor Parcel Number,Blank,36.959586,-122.039773,,2026-11-24,False,True,,,63.54,,4.0,1.0
2024AR_Pacheco Dairy_1108 N Plumas Ave_Fresno,9,111,111,Pacheco Dairy Inc.,1108 N. Plumas Kerman 93630,36.751778603881,-120.139670027485,015-070-345,Destination Assessor Parcel Number,Blank,33.746245,-117.279282,,2024-10-30,False,True,,,169.92,,11.0,3.0
2024AR_River Oaks Dairy_3621 E Mt. Whitney Ave_Fresno,1,49,50,River Oaks Dairy,3621 E. Mt. Whitney Laton Ca 93242,,,10071 6Th Avenue Hanford 93230,Destination Address,Broker,36.327387507226,-119.56385859268,2024-01-31,2024-03-12,False,True,,,208.22,69.9,13.0,4.0
2024AR_Souza_s Dairy_8555 S Valentine Ave_Fresno,3,106,107,Souza'S Dairy Inc.,8555 S Valentine Ave Fresno Fresno 93706,36.614440659347,-119.856282155894,Kerman 93630 Blythe And Polk Avenues Fresno,Destination Address,Farmer,,,,2024-03-13,False,True,,,1300.0,62.7,83.0,23.0
2024AR_Vitoria Farms Dairy_12433 Ave 24_Madera,7,56,57,Vitoria Farms,12429 Ave 24 Chowchilla 93410,37.098137664478,-120.324075042146,025 130 005,Destination Assessor Parcel Number,Blank,38.682209,-121.834566,,2024-10-21,False,True,,,420.0,,27.0,8.0
2024AR_White River Dairy_20400 Ave 17.5_Madera,1,58,59,White River Dairy,20400 Ave. 17 1/2 Ave Madera Madera 93637,36.996356503333,-120.177019215437,3754 W Birch Ave Fresno 93711 Fresno,Destination Address,Broker,36.842194570621,-119.861404169286,,2024-12-31,False,True,,,6467.0,95.4,413.0,117.0
2024AR_White River Dairy_20400 Ave 17.5_Madera,2,60,61,White River Dairy,20400 Ave. 17 1/2 Ave Madera Madera 93637,36.996356503333,-120.177019215437,3754 W Birch Ave Fresno 93711 Fresno,Destination Address,Broker,36.842194570621,-119.861404169286,,2024-12-31,False,True,,,2155.52,90.9,138.0,39.0
2024AR Faial Farms Dairy,1a,20,20,Faial Farms Dairy,18714 Stineroad 3714 Stine Road Wastewater Bakersfield Ca 93313 Rwqcd? No,35.321167787501,-119.056525816488,4322 Saco Rd Bakersfield Ca,Destination Address,Composting Facility,35.446720009412,-119.092199010352,2024-01-01,2024-01-31,False,True,,,7831.0,32.0,500.0,141.0
2024AR Faial Farms Dairy,1b,20,20,Faial Farms Dairy,18714 Stineroad 3714 Stine Road Wastewater Bakersfield Ca 93313 Rwqcd? No,35.321167787501,-119.056525816488,4322 Saco Rd Bakersfield Ca,Destination Address,Composting Facility,35.446720009412,-119.092199010352,2024-02-01,2024-02-29,False,True,,,4796.0,30.0,306.0,87.0
2024AR Faial Farms Dairy,1c,20,20,Faial Farms Dairy,18714 Stineroad 3714 Stine Road Wastewater Bakersfield Ca 93313 Rwqcd? No,35.321167787501,-119.056525816488,4322 Saco Rd Bakersfield Ca,Destination Address,Composting Facility,35.446720009412,-119.092199010352,2024-08-01,2024-08-31,,True,,,3062.0,31.0,196.0,55.0
2024AR_AJB Ranch Dairy,2a,106,106,AJB Ranch Dairy,2874 Stockdale Hwy Wastewater Bakersfield Ca 93312 Rwqcd? No,35.353777906384,-119.136484752428,Po Box 81498  Bakersfield Ca,Destination Address,Farmer,,,2024-02-01,2024-02-29,False,True,,,1382.0,31.0,88.0,25.0
2024AR_AJB Ranch Dairy,3a,108,108,AJB Ranch Dairy,2874 Stockdale Hwy Stockdale Hwy. Wastewater Bakersfield Ca 93312 Rwqcd? No,35.354397567884,-119.083410843855,2312 Alpine Meadows Ct Wasco Ca,Destination Address,Broker,35.598053804412,-119.352663131129,2024-02-01,2024-02-29,False,True,,,3612.0,31.0,231.0,65.0
2024AR_Bear 5 Feedlot_12841 Bear Moutain Blvd_Kern,1,53,54,Bear 5 Feedlot,11983 Bear Mtn Blvd Bakersfield 93311,35.208816931894,-119.139416106501,6701 McDivitt Bakersfield 93313,Destination Address,Blank,35.314168424958,-119.077132204118,2024-11-12,2024-11-13,False,True,,,5815.28,69.0,371.0,105.0
2024AR_Bear Mountain Dairy,1a,82,82,Bear Mountain Dairy,4551 Bear Mountain Blvd Wastewater Bakersfield Ca 93313 Rwqcd? No,35.208699842036,-119.052247067829,Po Box 81498 Bakersfield Ca,Destination Address,Farmer,,,2024-05-01,2024-05-31,False,True,,,4041.0,30.0,258.0,73.0
2024AR_Bear Mountain Dairy,1b,82,82,Bear Mountain Dairy,4551 Bear Mountain Blvd Wastewater Bakersfield Ca 93313 Rwqcd? No,35.208699842036,-119.052247067829,Po Box 81498 Bakersfield Ca,Destination Address,Farmer,,,2024-11-01,2024-11-30,False,True,,,10631.0,30.0,679.0,192.0
2024AR_Bear Mountain Dairy,3a,86,86,Bear Mountain Dairy,4551 Bear Mountain Blvd Wastewater Bakersfield Ca 93313 Rwqcd? No,35.208699842036,-119.052247067829,"Po Box 27 Edison, CA",Destination Address,Farmer,,,2024-02-01,2024-02-29,False,True,,,4859.0,33.0,310.0,88.0
2024AR_Bear Mountain Dairy,5a,90,90,Bear Mountain Dairy,4551 Bear Mountain Blvd Wastewater Bakersfield Ca 93313 Rwqcd? No,35.208699842036,-119.052247067829,200 Hume Lane Bakersfield Ca,Destination Address,Farmer,35.353201355484,-119.074118407012,2024-01-01,2024-01-31,False,True,,,3009.0,32.0,192.0,54.0
2024AR_J&R Dairy,1a,90,90,J&R Dairy,4403 Bear Mountain Blvd Bakersfield CA 93313,35.208699253837,-119.050715607855,Po Box 20370 Bakersfield CA,Destination Address,Farmer,,,2024-06-01,2024-06-30,False,True,,,5323.0,32.0,340.0,96.0
2024AR_J&R Dairy,1b,90,90,J&R Dairy,4403 Bear Mountain Blvd Bakersfield CA 93313,35.208699253837,-119.050715607855,Po Box 20370 Bakersfield CA,Destination Address,Farmer,,,2024-07-01,2024-07-31,False,True,,,10284.0,34.0,657.0,186.0
2024AR_J&R Dairy,1c,90,90,J&R Dairy,4403 Bear Mountain Blvd Bakersfield CA 93313,35.208699253837,-119.050715607855,Po Box 20370 Bakersfield CA,Destination Address,Farmer,,,2024-08-01,2024-08-31,False,True,,,8463.0,34.0,541.0,153.0
2024AR_J&R Dairy,1d,90,90,J&R Dairy,4403 Bear Mountain Blvd Bakersfield CA 93313,35.208699253837,-119.050715607855,Po Box 20370 Bakersfield CA,Destination Address,Farmer,,,2024-11-01,2024-11-30,False,True,,,3811.0,30.0,243.0,69.0
2024AR_J&R Dairy,1e,90,90,J&R Dairy,4403 Bear Mountain Blvd Bakersfield CA 93313,35.208699253837,-119.050715607855,Po Box 20370 Bakersfield CA,Destination Address,Farmer,,,2024-12-01,2024-12-31,False,True,,,3103.0,30.0,198.0,56.0
2024AR_J&R Dairy,2a,92,92,J&R Dairy,4403 Bear Mountain Blvd Bakersfield CA 93313,35.208699253837,-119.050715607855,Po Box 27 Edison CA,Destination Address,Farmer,,,2024-01-01,2024-01-31,False,True,,,2977.0,32.0,190.0,54.0
2024AR_J&R Dairy,2b,92,92,J&R Dairy,4403 Bear Mountain Blvd Bakersfield CA 93313,35.208699253837,-119.050715607855,Po Box 27 Edison CA,Destination Address,Farmer,,,2024-05-01,2024-05-31,False,True,,,9407.0,33.0,601.0,170.0
2024AR_J&R Dairy,2c,92,92,J&R Dairy,4403 Bear Mountain Blvd Bakersfield CA 93313,35.208699253837,-119.050715607855,Po Box 27 Edison CA,Destination Address,Farmer,,,2024-06-01,2024-06-30,False,True,,,12150.0,31.0,776.0,219.0
2024AR_J&R Dairy,2d,92,92,J&R Dairy,4403 Bear Mountain Blvd Bakersfield CA 93313,35.208699253837,-119.050715607855,Po Box 27 Edison CA,Destination Address,Farmer,,,2024-08-01,2024-08-31,False,True,,,10887.0,34.0,695.0,197.0
2024AR_J&R Dairy,2e,92,92,J&R Dairy,4403 Bear Mountain Blvd Bakersfield CA 93313,35.208699253837,-119.050715607855,Po Box 27 Edison CA,Destination Address,Farmer,,,2024-09-01,2024-09-30,False,True,,,13294.0,30.0,849.0,240.0
2024AR_Lakeview Farms Dairy,1a,102,102,Lakeview Dairy,17702 Bear Mountain Blvd Bakersfield CA 93311,35.212722544192,-119.203877560424,Po Box 81498 Bakersfield Ca,Destination Address,Farmer,,,2024-04-01,2024-04-30,False,True,,,9652.0,32.0,617.0,174.0
2024AR_Lakeview Farms Dairy,1b,102,102,Lakeview Dairy,17702 Bear Mountain Blvd Bakersfield CA 93311,35.212722544192,-119.203877560424,Po Box 81498 Bakersfield Ca,Destination Address,Farmer,,,2024-05-01,2024-05-31,False,True,,,10767.0,32.0,688.0,194.0
2024AR_Lakeview Farms Dairy,1c,102,102,Lakeview Dairy,17702 Bear Mountain Blvd Bakersfield CA 93311,35.212722544192,-119.203877560424,Po Box 81498 Bakersfield Ca,Destination Address,Farmer,,,2024-08-01,2024-08-31,False,True,,,14046.0,32.0,897.0,254.0
2024AR_Lakeview Farms Dairy,1d,102,102,Lakeview Dairy,17702 Bear Mountain Blvd Bakersfield CA 93311,35.212722544192,-119.203877560424,Po Box 81498 Bakersfield Ca,Destination Address,Farmer,,,2024-09-01,2024-09-30,False,True,,,4682.0,32.0,299.0,85.0
2024AR_Maple Dairy,1a,254,254,Maple Dairy,15857 Bear Mountain Blvd Bakersfield CA 93311,35.202664805205,-119.175975881133,Po Box 81498 Bakersfield CA,Destination Address,Farmer,,,2024-07-01,2024-07-31,False,True,,,23250.0,30.0,1485.0,420.0
2024AR_Maple Dairy,2a,256,256,Maple Dairy,15857 Bear Mountain Blvd Bakersfield CA 93311,35.202664805205,-119.175975881133,2312 Alpine Meadows Ct Wasco CA,Destination Address,Broker,35.598053804412,-119.352663131129,2024-03-01,2024-03-31,False,True,,,16150.0,32.0,1032.0,292.0
2024AR_Maple Dairy,2b,256,256,Maple Dairy,15857 Bear Mountain Blvd Bakersfield CA 93311,35.202664805205,-119.175975881133,2312 Alpine Meadows Ct Wasco CA,Destination Address,Broker,35.598053804412,-119.352663131129,2024-05-01,2024-05-31,False,True,,,13778.0,30.0,880.0,249.0
2024AR_Maple Dairy,2c,256,256,Maple Dairy,15857 Bear Mountain Blvd Bakersfield CA 93311,35.202664805205,-119.175975881133,2312 Alpine Meadows Ct Wasco CA,Destination Address,Broker,35.598053804412,-119.352663131129,2024-06-01,2024-06-30,False,True,,,14129.0,31.0,902.0,255.0
2024AR_Maple Dairy,2d,256,256,Maple Dairy,15857 Bear Mountain Blvd Bakersfield CA 93311,35.202664805205,-119.175975881133,2312 Alpine Meadows Ct Wasco CA,Destination Address,Broker,35.598053804412,-119.352663131129,2024-09-01,2024-09-30,False,True,,,12839.0,30.0,820.0,232.0
2024AR_Maya Dairy_18451 Wildwood Rd_Kern,1,172,173,Maya Dairy,18451 Wildwood Rd Buttonwillow 93206,35.484146003371,-119.439481040202,,,Blank,,,2024-07-02,2024-07-03,False,True,,,2231.76,71.0,143.0,40.0
2024AR_Rosa Dairy,1a,22,22,Rosa Dairy,4714 E Bear Mountain Blvd Bakersfield CA 93307,35.21110994984,-118.951654526848,Po Box 81498 Bakersfield CA,Destination Address,Farmer,,,2024-04-01,2024-04-30,False,True,,,4016.0,31.0,257.0,73.0
2024AR_Solo Dairy_11495 Jumper Ave_Kern,1,70,70,Solo Dairy,11495 Jumper Ave Wasco 93280,35.730303011709,-119.419379979102,,,Blank,,,2024-01-01,2024-12-31,False,True,,,3800.0,,243.0,69.0
2024AR_T&W Farms,1a,101,101,T&W Farms 1,18346 Old River Rd Bakersfield CA 93311,35.189889988485,-119.105627992705,Po Box 81498 Bakersfield CA,Destination Address,Farmer,,,2024-04-01,2024-04-30,False,True,,,4276.0,30.0,273.0,77.0
2024AR_T&W Farms,1b,101,101,T&W Farms 1,18346 Old River Rd Bakersfield CA 93311,35.189889988485,-119.105627992705,Po Box 81498 Bakersfield CA,Destination Address,Farmer,,,2024-05-01,2024-05-31,False,True,,,15119.0,31.0,966.0,273.0
2024AR_T&W Farms,1c,101,101,T&W Farms 1,18346 Old River Rd Bakersfield CA 93311,35.189889988485,-119.105627992705,Po Box 81498 Bakersfield CA,Destination Address,Farmer,,,2024-06-01,2024-06-30,False,True,,,12776.0,32.0,816.0,231.0
2024AR_T&W Farms,1d,101,101,T&W Farms 1,18346 Old River Rd Bakersfield CA 93311,35.189889988485,-119.105627992705,Po Box 81498 Bakersfield CA,Destination Address,Farmer,,,2024-07-01,2024-07-31,False,True,,,22079.0,32.0,1410.0,399.0
2024AR_T&W Farms,1e,101,101,T&W Farms 1,18346 Old River Rd Bakersfield CA 93311,35.189889988485,-119.105627992705,Po Box 81498 Bakersfield CA,Destination Address,Farmer,,,2024-08-01,2024-08-31,False,True,,,8151.0,30.0,521.0,147.0
2024AR_T&W Farms,1f,101,101,T&W Farms 1,18346 Old River Rd Bakersfield CA 93311,35.189889988485,-119.105627992705,Po Box 81498 Bakersfield CA,Destination Address,Farmer,,,2024-09-01,2024-09-30,False,True,,,15934.0,33.0,1018.0,288.0
2024AR_T&W Farms #2 Dairy,1a,30,30,T&W Farms 2,5959 Houghton Rd Bakersfield CA 93311,35.237865774652,-119.068497275952,Po Box 81498 Bakersfield CA,Destination Address,Farmer,,,2024-02-01,2024-02-29,False,True,,,6647.0,30.0,425.0,120.0
2024AR_T&W Farms #2 Dairy,1b,30,30,T&W Farms 2,5959 Houghton Rd Bakersfield CA 93311,35.237865774652,-119.068497275952,Po Box 81498 Bakersfield CA,Destination Address,Farmer,,,2024-11-01,2024-11-30,False,True,,,4924.0,32.0,315.0,89.0
2024AR_Tjaarda Dairy_19211 Magnolia Ave_Kern,1,73,73,Tjaarda Dairy,19211 Magnolia Ave. Shaffer 93263,35.449323012833,-119.368194522846,,,Blank,,,2024-06-01,2024-07-24,False,True,,,11000.0,,703.0,199.0
2024AR_Trilogy Dairy,1a,93,93,Trilogy Dairy,17661 Bear Mountain Blvd Bakersfield CA 93311,35.205403005334,-119.196386988832,2312 Alpine Meadows Ct Wasco CA,Destination Address,Broker,35.598053804412,-119.352663131129,2024-04-01,2024-04-30,False,True,,,15942.0,32.0,1018.0,288.0
2024AR_Trilogy Dairy,1b,93,93,Trilogy Dairy,17661 Bear Mountain Blvd Bakersfield CA 93311,35.205403005334,-119.196386988832,2312 Alpine Meadows Ct Wasco CA,Destination Address,Broker,35.598053804412,-119.352663131129,2024-05-01,2024-05-31,False,True,,,8339.0,30.0,533.0,151.0
2024AR_Trilogy Dairy,1c,93,93,Trilogy Dairy,17661 Bear Mountain Blvd Bakersfield CA 93311,35.205403005334,-119.196386988832,2312 Alpine Meadows Ct Wasco CA,Destination Address,Broker,35.598053804412,-119.352663131129,2024-07-01,2024-07-31,False,True,,,19394.0,34.0,1239.0,350.0
2024AR_Trilogy Dairy,1d,93,93,Trilogy Dairy,17661 Bear Mountain Blvd Bakersfield CA 93311,35.205403005334,-119.196386988832,2312 Alpine Meadows Ct Wasco CA,Destination Address,Broker,35.598053804412,-119.352663131129,2024-08-01,2024-08-31,False,True,,,11647.0,29.0,744.0,210.0
2024AR_Trilogy Dairy,1e,93,93,Trilogy Dairy,17661 Bear Mountain Blvd Bakersfield CA 93311,35.205403005334,-119.196386988832,2312 Alpine Meadows Ct Wasco CA,Destination Address,Broker,35.598053804412,-119.352663131129,2024-09-01,2024-09-30,False,True,,,21494.0,30.0,1373.0,388.0
2024AR_VP Legacy Farms_28349 Los Angeles St_Kern,1,60,61,VP Legacy Farms,28349 Los Angeles St. Shafter CA 93263,35.49285400449,-119.37473704078,Edison/Arvin,Destination Address,Blank,35.114544451099,-118.89596077982,,2024-10-17,False,True,,,5225.0,,334.0,94.0
2024AR_VP Legacy Farms_28349 Los Angeles St_Kern,2,62,63,VP Legacy Farms,28349 Los Angeles St. Chapter CA 93263,35.49285400449,-119.37473704078,Tulare St/Fresno St. Shafter 93263,Destination Address,Blank,,,2024-05-16,2024-10-12,False,True,,,300.0,,19.0,5.0
2024AR_VP Legacy Farms_28349 Los Angeles St_Kern,3,64,65,VP Legacy Farms,28349 Los Angeles St. Chapter CA 93263,35.49285400449,-119.37473704078,Palm/Tulare Ave.,Destination Address,Blank,36.222960497822,-119.346996000664,,2024-03-23,False,True,,,258.0,,16.0,5.0
2024AR_Westwind Dairy,1a,61,61,Westwind Farms,6221 Bear Mountain Blvd Bakersfield CA 93313,35.208697244624,-119.067740433664,Po Box 81498 Bakersfield CA,Destination Address,Farmer,,,2024-07-01,2024-07-31,False,True,,,4593.0,32.0,293.0,83.0
2024AR_Westwind Dairy,1b,61,61,Westwind Farms,6221 Bear Mountain Blvd Bakersfield CA 93313,35.208697244624,-119.067740433664,Po Box 81498 Bakersfield CA,Destination Address,Farmer,,,2024-08-01,2024-08-31,False,True,,,5691.0,35.0,364.0,103.0
2024AR_Westwind Dairy,1c,61,61,Westwind Farms,6221 Bear Mountain Blvd Bakersfield CA 93313,35.208697244624,-119.067740433664,Po Box 81498 Bakersfield CA,Destination Address,Farmer,,,2024-10-01,2024-10-31,False,True,,,5607.0,31.0,358.0,101.0
2024AR_Backroad Ranch #2_4119 Houston Ave_Kings,1,17,18,Back Road # 2,4119 Houston Avenue Hanford CA 93230,36.298568302905,-119.532790900922,West Coast And Gravet,Destination Address,Composting Facility,,,2024-10-04,2024-11-28,False,True,,,1280.0,47.1,82.0,23.0
2024AR_Bill Idsinga Dairy_4595 Houston Ave_Kings,1,33,33,Bill Idsinga Dairy,4595 Houston Ave. Hanford 93230,36.298475263779,-119.540688833008,,,Blank,,,2024-06-01,2024-07-01,False,True,,,3000.0,,192.0,54.0
2024AR_C&R Dairy_15336 10th Ave_Kings,1,49,49,C&R Dairy,15336 10Th Ave. Hanford 93230,36.249779381906,-119.637257912959,,,Blank,,,2024-01-01,2024-12-31,False,True,,,4900.0,,313.0,89.0
2024AR_Flint Dairy_6511 Flint Ave_Kings,2,152,153,Flint Dairy,6511 Flint Ave. Hanford Kings 93230,36.369763853201,-119.575398880791,92 Po Box Kingsburg 93631 Fresno,Destination Address,Farmer,,,,2024-01-09,False,True,,,450.0,24.4,29.0,8.0
2024AR_Georgenson Dairy_8519 24th Ave_Kings,1,34,35,Georgeson Dairy,8519 24Th Ave Lemoore Kings 93245,36.350787811145,-119.886644929595,Riverdale 93656 Stockpile Fresno,Destination Address,Broker,,,,2024-06-20,False,True,,,8200.0,61.0,524.0,148.0
2024AR_Jaques & Silva Dairy_10536 6th Ave_Kings,1,86,87,Jaques & Silva Dai,10536 6Th Ave Hanford Kings 93230,36.319968391359,-119.565878882802,Hanford 93230 Lace Fresno,Destination Address,Broker,,,,2024-10-05,False,True,,,1850.0,52.5,118.0,33.0
2024AR_Milkaholic Dairy LLC_6267 5th Ave_Kings,1,33,34,Milkaholic Dairy LLC,6267 5Th Ave. Hanford CA 93230,36.381106496035,-119.54489151926,,,Farmer,,,2024-04-10,2024-04-11,False,True,,,1420.0,79.5,91.0,26.0
2024AR_Moonstone Dairy_1305 Iona Avenue_Kings,1,93,93,Moonstone Dairy.,4974 Ave. 272 Visalia CA 93277,36.285200424625,-119.452160009859,#5 Visalia 93277,Destination Address,Blank,36.2953941,-119.3129134,2024-08-19,2024-08-21,False,True,20.0,99.0,1980.0,,0.0,99.0
2024AR_Parreira Dairy_18081 17th Ave_Kings,1,38,39,Joe Parreira Dairy,18081 17Th Avenue Stratford 93266,36.210090567456,-119.761879043543,960 N San Antonio Rd Los Altos CA 94022,Destination Contact Address,Blank,37.399236996378,-122.114846986772,,2024-09-08,False,True,,,1000.0,71.2,64.0,18.0
2024AR_River Ranch Dairy_6155 Jackson Ave_Kings,1,57,58,River Ranch Dairy,6155 Jackson Ave. Hanford 93230,36.254596126384,-119.566076192803,1654 Oriole St. Hanford 93230,Destination Contact Address,Broker,36.311632840108,-119.672058820572,2024-03-25,2024-11-13,False,True,,,1534.71,74.8,98.0,28.0
100 S Quinley Ave Merced 2024 Dairy AR,1,89,90,Matos Dairy,100 S. Quinley Ave Merced 95340,37.285831229429,-120.596449468563,"059-220-003,059-220-015",Destination Assessor Parcel Number,Blank,37.919116,-120.413686,2024-05-23,2024-05-24,False,True,12.0,,5580.0,43.94,356.0,101.0
227 W El Nido Rd El Nido 2024 Dairy AR,1,41,42,Azevedo Dairy #3,227 W El Nido Rd El Nido Merced 95317,37.134568722516,-120.496777324237,"P.O. Box 149 El Nido, CA 95317 Coyote Rd",Destination Address,Broker,,,,2024-07-11,False,True,24.0,335.0,8040.0,0.635,0.0,335.0
227 W El Nido Rd El Nido 2024 Dairy AR,2,43,44,Azevedo Dairy #3,227 W El Nido Rd El Nido Merced 95317,37.134568722516,-120.496777324237,"P.O. Box 149 El Nido, CA 95317 Coyote Rd",Destination Address,Broker,,,,2024-11-20,False,True,24.0,109.0,2616.0,0.635,0.0,109.0
337 N Gates Rd MOdesto 2024 Dairy AR,2,35,36,Jelle Van Der Hoek,337 Gates Rd Modesto Stanislaus 95358,37.641822475773,-121.159411948714,,,Farmer,,,,2024-06-28,False,True,10.0,21.0,210.0,0.621,21.0,0.0
508 W Roosevelt Rd El Nido 2024 Dairy AR,1,117,118,Hath Dairy,508 W Roosevelt Rd El Nido Merced 95317,37.143631068591,-120.501311598579,,,Farmer,,,,2024-08-30,False,True,,,600.0,0.941,38.0,11.0
1007 S Hart Rd Modesto 2024 Dairy AR,2,73,74,Frank Gwerder Dairy Inc.,1007 S Hart Rd Modesto,37.62778144685,-121.124126567097,012-050-005,Destination Assessor Parcel Number,Blank,39.638568,-120.540996,,2024-11-03,False,True,10.0,42.0,420.0,70.3,42.0,0.0
1100 Ruble Rd Crows Landing 2024 Dairy AR,1,62,63,Albert Mendes Dairy,1100 Ruble Rd Crows Landing Stanislaus 95313,37.487743356027,-121.018398833004,,,Farmer,,,,2024-05-31,False,True,,,1470.0,0.404,94.0,27.0
1100 Ruble Rd Crows Landing 2024 Dairy AR,2,64,65,Albert Mendes Dairy,1100 Ruble Rd Crows Landing Stanislaus 95313,37.487743356027,-121.018398833004,,,Farmer,,,,2024-06-03,False,True,,,1380.0,0.404,88.0,25.0
1142 N Hart Rd Modesto 2024 Dairy AR,2,94,95,Kerburg & Son Dairy,1142 Halt Rd Modesto 95358,,,Tas Burd 3619 Shoemake Ave Modesto 95358,Destination Address,Blank,37.667754952641,-121.061768308776,2024-07-01,2024-07-02,False,True,,,1820.0,,116.0,33.0
1142 N Hart Rd Modesto 2024 Dairy AR,3,96,97,Kerburg & Son Dairy,1142 Halt Rd Modesto 95358,,,012 029 001 000,Destination Assessor Parcel Number,Blank,37.658698,-121.120908,2024-10-29,2024-10-30,False,True,,,50.0,,3.0,1.0
"1431 N Central Ave, Turlock 2024 Dairy AR",1,58,59,Alden Peterson & Sons Dairy,1431 N. Central Ave. Turlock CA 95380,37.506513789998,-120.958869802281,022-022-013,Destination Assessor Parcel Number,Blank,35.571275,-121.108489,,2024-04-18,False,True,12.0,,1056.0,71.9,67.0,19.0
"1431 N Central Ave, Turlock 2024 Dairy AR",2,60,61,Alden Peterson & Sons Dairy,1431 N. Central Ave. Turlock CA 95380,37.506513789998,-120.958869802281,022-022-013,Destination Assessor Parcel Number,Blank,35.571275,-121.108489,,2024-09-18,False,True,12.0,,700.0,71.9,45.0,13.0
1439 Albers Rd Modesto 2024 Dairy AR,1,121,121,Postma Dairy,1439 Albers Road Modesto CA 95357,37.660611098474,-120.85717761929,014-009-013,Destination Assessor Parcel Number,Blank,35.628068,-120.703518,,2024-05-10,False,True,10.0,52.0,920.0,74.3,52.0,0.0
1581 E Roosevelt Rd El Nido 2024 Dairy AR,1,65,66,DCB Farming LLC,1581 E Roosevelt Rd El Nido Merced 95317,37.141616310525,-120.463216603018,,,Farmer,,,,2024-04-15,False,True,,,1800.0,75.8,115.0,33.0
"1730 S. Healy Rd, Merced 2024 Dairy AR",1,45,46,Nunes Dairy,1730 S. Healy Rd Merced CA 95340,,,Mariposa Road Merced 95340,Destination Address,Farmer,37.323633906117,-120.462489011913,,2024-05-11,False,True,,,1200.0,84.5,77.0,22.0
"1730 S. Healy Rd, Merced 2024 Dairy AR",2,47,48,Nunes Dairy,1730 S. Healy Rd Merced CA 95340,,,Mariposa Road Merced 95340,Destination Address,Farmer,37.323633906117,-120.462489011913,,2024-10-13,False,True,,,1300.0,84.5,83.0,23.0
1901 N Hayden Rd Le Grand 2024 Dairy AR,1,125,126,Hillcrest Dairy Llc,1901 N Hayden Rd Le Grand Merced 95333,37.315788206093,-120.306520713714,,,Farmer,,,,2024-08-13,False,True,,,1440.0,88.6,92.0,26.0
1901 N Hayden Rd Le Grand 2024 Dairy AR,2,127,128,Hillcrest Dairy Llc,1901 N Hayden Rd Le Grand Merced 95333,37.315788206093,-120.306520713714,,,Farmer,,,,2024-08-14,False,True,,,1296.0,88.6,83.0,23.0
1901 N Hayden Rd Le Grand 2024 Dairy AR,3,129,130,Hillcrest Dairy Llc,1901 N Hayden Rd Le Grand Merced 95333,37.315788206093,-120.306520713714,,,Farmer,,,,2024-08-15,False,True,,,960.0,88.6,61.0,17.0
1901 N Hayden Rd Le Grand 2024 Dairy AR,4,131,132,Hillcrest Dairy Llc,1901 N Hayden Rd Le Grand Merced 95333,37.315788206093,-120.306520713714,,,Farmer,,,,2024-08-15,False,True,,,480.0,88.6,31.0,9.0
2248 W Service Rd Modesto 2024 Dairy AR,1,18,19,Borba & Sons,2248 W. Service Road Modesto CA 95358,37.579493176928,-121.027401248472,017-041-015,Destination Assessor Parcel Number,Blank,33.26941,-115.955676,,2024-10-14,False,True,10.0,75.0,750.0,95.7,75.0,0.0
2306 W Fulkerth Rd Crows Landing 2025 Dairy AR,1,34,35,Edelweiss Dairy,2306 W. Fulkerth Rd Crows Landing 95313,37.507547278659,-121.032046331573,"022-001-002,022-001-004,022-001-005,022-003-002,022-004-001,022-004-002",Destination Assessor Parcel Number,Blank,35.290559,-120.669299,,2024-05-24,False,True,12.0,,396.0,73.8,25.0,7.0
"2472 Gates Rd, Modesto 2024 Dairy AR",2,25,26,Roest Family Dairy,2472 Gates Road Modesto CA 95358,37.6727487,-121.1554319,,,Farmer,,,,2024-07-27,False,True,,,1300.0,74.6,83.0,23.0
"2472 Gates Rd, Modesto 2024 Dairy AR",3,27,28,Roest Family Dairy,2472 Gates Road Modesto CA 95358,37.6727487,-121.1554319,Apn# Stanislaus County,Destination Address,Farmer,,,,2024-08-10,False,True,,,1300.0,74.6,83.0,23.0
"2472 Gates Rd, Modesto 2024 Dairy AR",4,29,30,Roest Family Dairy,2472 Gates Road Modesto CA 95358,37.6727487,-121.1554319,Apn# Stanislaus County,Destination Address,Farmer,,,,2024-10-25,False,True,,,1300.0,74.6,83.0,23.0
"2472 Gates Rd, Modesto 2024 Dairy AR",5,31,32,Roest Family Dairy,2472 Gates Road Modesto CA 95358,37.6727487,-121.1554319,Apn# Stanislaus County,Destination Address,Farmer,,,,2024-11-20,False,True,,,1800.0,74.6,115.0,33.0
2743 Baker Rd Modesto 2024 Dairy AR,1,67,68,Diamond O Dairy,2743 Baker Road Modesto CA 95358,37.599320024065,-121.094649425286,017-001-012,Destination Assessor Parcel Number,Blank,35.290231,-120.671886,,2024-03-22,False,True,10.0,46.0,460.0,38.9,46.0,0.0
2743 Baker Rd Modesto 2024 Dairy AR,2,70,71,Diamond O Dairy,2743 Baker Road Modesto CA 95358,37.599320024065,-121.094649425286,017-002-007,Destination Assessor Parcel Number,Blank,35.126821,-120.583359,,2024-03-22,False,True,10.0,74.0,740.0,38.9,74.0,0.0
3250 Santa Fe Ave Modesto 2024 Dairy AR,1,29,29,Willem Postma Dairy #2,3250 Santa Fe Avenue Modesto CA 95357,37.685180007333,-120.91752329884,014-024-009,Destination Assessor Parcel Number,Blank,38.740382,-121.290973,,2024-09-03,False,True,,,340.0,35.0,22.0,6.0
"3303 S. Washington Rd, Turlock 2024 Dairy AR",1,35,36,Couco Creek Dairy INC.,3303 Washington Rd. Turlock 95380,37.461797677661,-120.906752637078,191-180-002,Destination Assessor Parcel Number,Blank,36.141079,-119.293008,,2024-02-01,False,True,,,76.0,61.8,5.0,1.0
"3303 S. Washington Rd, Turlock 2024 Dairy AR",4,41,42,Couco Creek Dairy INC.,3303 Washington Rd. Turlock 95380,37.461797677661,-120.906752637078,191-180-002,Destination Assessor Parcel Number,Blank,36.141079,-119.293008,,2024-04-01,False,True,,,2125.5,61.8,136.0,38.0
"3303 S. Washington Rd, Turlock 2024 Dairy AR",5,43,44,Couco Creek Dairy INC.,3303 Washington Rd. Turlock 95380,37.461797677661,-120.906752637078,191-180-002,Destination Assessor Parcel Number,Blank,36.141079,-119.293008,,2024-05-01,False,True,,,2566.4,61.8,164.0,46.0
"3303 S. Washington Rd, Turlock 2024 Dairy AR",6,45,46,Couco Creek Dairy INC.,3303 Washington Rd. Turlock 95380,37.461797677661,-120.906752637078,191-180-002,Destination Assessor Parcel Number,Blank,36.141079,-119.293008,,2024-06-01,False,True,,,1655.3,61.8,106.0,30.0
"3303 S. Washington Rd, Turlock 2024 Dairy AR",7,47,48,Couco Creek Dairy INC.,3303 Washington Rd. Turlock 95380,37.461797677661,-120.906752637078,191-180-002,Destination Assessor Parcel Number,Blank,36.141079,-119.293008,,2024-07-01,False,True,,,986.0,61.8,63.0,18.0
"3303 S. Washington Rd, Turlock 2024 Dairy AR",8,49,50,Couco Creek Dairy INC.,3303 Washington Rd. Turlock 95380,37.461797677661,-120.906752637078,191-180-002,Destination Assessor Parcel Number,Blank,36.141079,-119.293008,,2024-08-01,False,True,,,518.0,61.8,33.0,9.0
"3303 S. Washington Rd, Turlock 2024 Dairy AR",9,51,52,Couco Creek Dairy INC.,3303 Washington Rd. Turlock 95380,37.461797677661,-120.906752637078,191-180-002,Destination Assessor Parcel Number,Blank,36.141079,-119.293008,,2024-09-01,False,True,,,1300.6,61.8,83.0,23.0
"3303 S. Washington Rd, Turlock 2024 Dairy AR",10,53,54,Couco Creek Dairy INC.,3303 Washington Rd. Turlock 95380,37.461797677661,-120.906752637078,191-180-002,Destination Assessor Parcel Number,Blank,36.141079,-119.293008,,2024-10-01,False,True,,,2049.8,61.8,131.0,37.0
"3303 S. Washington Rd, Turlock 2024 Dairy AR",11,55,56,Couco Creek Dairy INC.,3303 Washington Rd. Turlock 95380,37.461797677661,-120.906752637078,191-180-002,Destination Assessor Parcel Number,Blank,36.141079,-119.293008,,2024-11-01,False,True,,,685.8,61.8,44.0,12.0
"3303 S. Washington Rd, Turlock 2024 Dairy AR",12,57,58,Couco Creek Dairy INC.,3303 Washington Rd. Turlock 95380,37.461797677661,-120.906752637078,191-180-002,Destination Assessor Parcel Number,Blank,36.141079,-119.293008,,2024-12-01,False,True,,,358.2,61.8,23.0,6.0
3355 Virginia Rd Wheatland 2024 Dairy AR,1,126,127,Tollcrest Dairy,3355 Virginia Rd. Wheatland 95692,39.05488864009,-121.477964670154,,,Broker,,,2024-01-01,2024-01-31,False,True,,,15200.0,,971.0,275.0
3493 BVD Ave Merced 2024 Dairy AR,2,36,37,Dutch Door Dairy,3493 Bvd Rd Merced Merced 95341,37.223219,-120.429418,,,Farmer,,,,2024-10-17,False,True,,,1650.0,57.5,105.0,30.0
4125 Bentley Rd Oakdale 2024 Dairy AR,2,53,54,Cross A Dairy,4125 Bentley Rd Oakdale 95361,37.698068734118,-120.868419679286,24532 Clough Rd. Escalon CA,Destination Address,Blank,19.7299575,-90.3507,,2024-10-17,False,True,10.0,118.0,1180.0,46.5,118.0,0.0
4820 E Perrin Rd Manteca 2024 Dairy AR,1,49,50,Gerrit Hofman Dairy,4820 Perrin Rd Manteca CA 95337,37.722278478426,-121.247551181003,255-027-053,Destination Assessor Parcel Number,Blank,35.253795,-120.6664,2024-04-20,2024-04-26,False,True,20.0,67.0,1340.0,13.1,0.0,67.0
4820 E Perrin Rd Manteca 2024 Dairy AR,2,51,52,Gerrit Hofman Dairy,4820 Perrin Rd Manteca CA 95337,37.722278478426,-121.247551181003,255-027-053,Destination Assessor Parcel Number,Blank,35.253795,-120.6664,2024-10-07,2024-10-20,False,True,20.0,76.0,1520.0,32.6,0.0,76.0
4890 S Healy Rd Merced 2024 Dairy AR,1,158,159,Meirinho Holsteins Inc,4890 Healy Rd Merced Merced 95341,37.215628599383,-120.432373043351,,,Farmer,,,,2024-10-23,False,True,,,1830.0,92.2,117.0,33.0
4890 S Healy Rd Merced 2024 Dairy AR,2,160,161,Meirinho Holsteins Inc,4890 Healy Rd Merced Merced 95341,37.215628599383,-120.432373043351,,,Farmer,,,,2024-10-22,False,True,,,710.0,92.2,45.0,13.0
4890 S Healy Rd Merced 2024 Dairy AR,5,166,167,Meirinho Holsteins Inc,4890 Healy Rd Merced Merced 95341,37.215628599383,-120.432373043351,,,Farmer,,,,2024-10-03,False,True,,,2020.0,92.2,129.0,36.0
4900 E Dodds Rd Oakdale 2024 Dairy AR,2,82,83,Hilltop Holesteins,4900 Dodds Rd. Oakdale CA 95361,37.856058179334,-120.910612671129,Po Box 479 Linden CA 95236,Destination Address,Composting Facility,,,2024-01-01,2024-12-31,False,True,,,75.0,,5.0,1.0
5000 W Keyes Rd Modesto 2024 Dairy AR,12,37,38,Alamo Farms,5000 Keves Rd. Modesto 95358,37.545854462099,-121.087299669668,"017-061-020,017-061-009,017-062-029,017-061-021,017-061-004,017-061-007,022-002-050,017-062-047,017-062-048,022-003-009,058-001-013,058-001-014,058-001-003",Destination Assessor Parcel Number,Blank,37.636789,-122.462718,2024-04-02,2024-05-05,False,True,,,3060.0,7.8,195.0,55.0
5000 W Keyes Rd Modesto 2024 Dairy AR,13,39,40,Alamo Farms,5000 Keyes Rd. Modesto 95358,37.545854462099,-121.087299669668,"017-061-020,017-061-009,017-062-029,017-061-021,017-061-004,017-061-007,022-002-050,017-062-047,017-062-048,022-003-009,058-001-013,058-001-014,058-001-003",Destination Assessor Parcel Number,Blank,37.636789,-122.462718,2024-09-04,2024-10-21,False,True,,,2652.0,5.51,169.0,48.0
5217 Oak Ave Merced 2024 Dairy AR,1,68,69,Eugenio Azevedo Dairy #1,5217 Oak Avenue Merced Merced 95340,37.280116154477,-120.58311218423,Hilmar 95324 Rexford And Geer Roads Merced,Destination Address,Broker,,,,2024-09-19,False,True,,,3200.0,70.4,204.0,58.0
5217 Oak Ave Merced 2024 Dairy AR,2,70,71,Eugenio Azevedo Dairy #1,5217 Oak Avenue Merced Merced 95340,37.280116154477,-120.58311218423,Hilmar 95324 Rexford And Geer Roads Merced,Destination Address,Broker,,,,2024-07-03,False,True,,,2600.0,87.0,166.0,47.0
5217 Oak Ave Merced 2024 Dairy AR,3,72,73,Eugenio Azevedo Dairy #1,5217 Oak Avenue Merced Merced 95340,37.280116154477,-120.58311218423,Hilmar 95324 Rexford And Geer Roads Merced,Destination Address,Broker,,,,2024-05-30,False,True,,,2250.0,76.8,144.0,41.0
5254 Blue Gum Ave Modesto 2024 Dairy AR,1,34,35,Blue Star Dairy,5254 Blue Gum Avenue Modesto CA 95358,37.659546806318,-121.091390457513,012-018-015,Destination Assessor Parcel Number,Blank,38.376751,-120.478951,,2024-06-03,False,True,10.0,200.0,2000.0,20.59999999999999,200.0,0.0
5254 Blue Gum Ave Modesto 2024 Dairy AR,3,38,39,Blue Star Dairy,5254 Blue Gum Avenue Modesto CA 95358,37.659546806318,-121.091390457513,012-010-021,Destination Assessor Parcel Number,Blank,34.462494,-119.695482,,2024-05-27,False,True,10.0,20.0,200.0,74.9,20.0,0.0
5254 Blue Gum Ave Modesto 2024 Dairy AR,5,42,43,Blue Star Dairy,5254 Blue Gum Avenue Modesto CA 95358,37.659546806318,-121.091390457513,076-032-005,Destination Assessor Parcel Number,Blank,35.245158,-120.80685,,2024-06-01,False,True,10.0,88.0,880.0,74.9,88.0,0.0
5254 Blue Gum Ave Modesto 2024 Dairy AR,6,44,45,Blue Star Dairy,5254 Blue Gum Avenue Modesto CA 95358,37.659546806318,-121.091390457513,081-031-002,Destination Assessor Parcel Number,Blank,38.003933,-120.264786,,2024-10-19,False,True,10.0,78.0,780.0,71.7,78.0,0.0
5254 Blue Gum Ave Modesto 2024 Dairy AR,7,46,47,Blue Star Dairy,5254 Blue Gum Avenue Modesto CA 95358,37.659546806318,-121.091390457513,012-018-015,Destination Assessor Parcel Number,Blank,38.376751,-120.478951,,2024-11-02,False,True,10.0,100.0,1000.0,20.200000000000003,100.0,0.0
5254 Blue Gum Ave Modesto 2024 Dairy AR,9,50,51,Blue Star Dairy,5254 Blue Gum Avenue Modesto CA 95358,37.659546806318,-121.091390457513,003-011-006,Destination Assessor Parcel Number,Blank,38.279192,-120.984766,,2024-11-14,False,True,10.0,60.0,600.0,20.200000000000003,60.0,0.0
5254 Blue Gum Ave Modesto 2024 Dairy AR,10,52,53,Blue Star Dairy,5254 Blue Gum Avenue Modesto CA 95358,37.659546806318,-121.091390457513,005-030-004,Destination Assessor Parcel Number,Blank,36.62878,-119.208974,,2024-11-22,False,True,10.0,50.0,500.0,20.200000000000003,50.0,0.0
5254 Blue Gum Ave Modesto 2024 Dairy AR,11,54,55,Blue Star Dairy,5254 Blue Gum Avenue Modesto CA 95358,37.659546806318,-121.091390457513,012-055-011,Destination Assessor Parcel Number,Blank,35.47328,-120.713717,,2024-11-22,False,True,10.0,76.0,760.0,20.200000000000003,76.0,0.0
5254 Blue Gum Ave Modesto 2024 Dairy AR,13,58,59,Blue Star Dairy,5254 Blue Gum Avenue Modesto CA 95358,37.659546806318,-121.091390457513,081-002-045,Destination Assessor Parcel Number,Blank,34.400431,-119.726106,,2024-11-13,False,True,10.0,50.0,500.0,71.7,50.0,0.0
"5297 Kelley Rd, Hilmar 2024 Dairy AR",1,123,124,Borba Dairy Farms,5297 Kelley Road Hilmar CA 95324,37.36613153823,-120.955899591071,,,Farmer,,,,2024-10-30,False,True,,,2500.0,81.6,160.0,45.0
6506 Vivian Rd Modesto 2024 Dairy AR,1,106,107,Tony Morris Dairy,6506 Vivian Rd Modesto Stanislaus 95358,37.541673820252,-121.041800939032,,,Farmer,,,,2024-05-17,False,True,10.0,44.0,440.0,77.8,44.0,0.0
6555 Blue Gum Rd Modeso 2024 Dairy AR,1,42,43,Double & Dairy,6555 Blue Gum Avec. Modesto 95358,37.660727062105,-121.114318315459,012-027-022,Destination Assessor Parcel Number,Blank,35.571592,-121.11142,,2024-06-11,False,True,10.0,56.0,560.0,66.4,56.0,0.0
6756 County Rd 30 Orland 2024 Dairy AR,6,44,45,Van Tol Dairy No. 2,95963,35.302893965934,-119.125090525038,24790 Clark Ave. Orland 95963 Clark Ave. Tehama Tehama,Destination Address,Composting Facility,39.828605819414,-122.112338534609,,2024-06-13,False,True,,,1752.0,65.9,112.0,32.0
7251 Crows Landing Rd Ceres 2024 Dairy AR,2,104,105,Trinkler Dairy Farms,7251 Crowslanding Rd. Ceres 95307,37.532550831108,-120.994912824125,"022-001-002,022-001-004,022-001-005,022-003-002,022-004-001,022-004-002",Destination Assessor Parcel Number,Blank,35.290559,-120.669299,,2024-05-24,False,True,,,2000.0,68.1,128.0,36.0
7251 Crows Landing Rd Ceres 2024 Dairy AR,4,108,109,Trinkler Dairy Farms,7251 Crowslanding Rd. Ceres 95307,37.532550831108,-120.994912824125,"022-001-002,022-001-004,022-001-005,022-003-002,022-004-001,022-004-002",Destination Assessor Parcel Number,Blank,35.290559,-120.669299,,2024-10-31,False,True,,,5000.0,68.1,319.0,90.0
"7413 S Mitchell Rd, Turlock 2024 Dairy AR",27,85,86,Machado Dairy,7413 S. Mitchell Rd. Turlock 95380,37.424464597099,-120.941026742077,045-020-021,Destination Assessor Parcel Number,Blank,34.400831,-119.720319,,2024-05-22,False,True,,,660.0,51.6,42.0,12.0
"7413 S Mitchell Rd, Turlock 2024 Dairy AR",28,87,88,Machado Dairy,7413 S. Mitchell Rd. Turlock 95380,37.424464597099,-120.941026742077,045-020-022,Destination Assessor Parcel Number,Blank,35.571326,-121.10036,,2024-05-22,False,True,,,660.0,51.6,42.0,12.0
"7413 S Mitchell Rd, Turlock 2024 Dairy AR",31,93,94,Machado Dairy,7413 S. Mitchell Rd. Turlock 95380,37.424464597099,-120.941026742077,045-020-021,Destination Assessor Parcel Number,Blank,34.400831,-119.720319,,2024-10-20,False,True,,,540.0,62.8,34.0,10.0
7509 Oakdale Rd Snelling 2024 dairy AR,6,88,89,Milk Made Dairy,7509 W Oakdale Rd Snellin Merced 95369,37.461113965819,-120.623057736374,Merced,Destination Address,Broker,,,,,,True,,,33.6,,2.0,1.0
"7884 Faith Home Rd, Hilmar 2024 Dairy AR",1,45,46,Vierra Dairy Farms #3,7884 Faith Home Rd Hilmar 95824,37.40295755556,-120.921661360619,"045-040-013,045-040-021,045-040-036,045-040-023",Destination Assessor Parcel Number,Blank,32.842014,-115.378116,,2024-05-20,False,True,12.0,,1970.0,71.3,126.0,36.0
"7965 Washington Rd, Hilmar 2024 Dairy AR",1,28,29,Vierra Dairy Farms #4,7985 Washington Rd. Hilmar 95324,37.40432525286,-120.904861326359,"045-040-042,045-040-043,045-040-004,045-040-019",Destination Assessor Parcel Number,Blank,36.443826,-119.462394,2024-05-07,2024-05-08,False,True,12.0,,4200.0,59.8,268.0,76.0
8178 Paradise Rd Modesto 2024 Dairy AR,1,62,63,A.P. Avila Dairy,8178 Paradise Road Modesto CA 95358,37.613887771784,-121.143451966878,017-001-012,Destination Assessor Parcel Number,Blank,35.290231,-120.671886,,2024-03-09,False,True,10.0,20.0,200.0,49.1,20.0,0.0
8600 Dos Rios Ln Modesto 2024 Dairy AR,3,97,98,,8600 Dos Rios Ln Modesto,37.573375938262,-121.151133059129,257-130-02,Destination Assessor Parcel Number,Blank,34.000593,-117.301748,,2024-06-06,False,True,25.0,46.0,1150.0,70.3,73.0,21.0
8600 Dos Rios Ln Modesto 2024 Dairy AR,4,99,100,,8600 Dos Rios Ln Modesto,37.573375938262,-121.151133059129,257-120-01,Destination Assessor Parcel Number,Blank,37.105488,-119.321202,,2024-07-20,False,True,25.0,90.0,2250.0,17.299999999999997,144.0,41.0
8632 W Meandow Dr Winton 2024 Dairy AR,4,80,81,Tierra Buena Ranch,Merced 95388,37.327992363578,-120.463687407289,5175 Shaw Ave Winton 95388 County,Destination Address,Broker,37.425366280333,-120.579112088577,,2024-12-02,False,True,,,2104.0,36.2,134.0,38.0
9201 Hilmar Rd Turlock 2024 Dairy AR,1,85,86,Soares Dairy Lp,9201 Hilmar Rd Turlock Stanislaus 95380,37.427026106709,-120.954487408024,Gustine 95322 . Merced,Destination Address,Broker,,,,2024-06-04,False,True,,,3900.0,91.0,249.0,70.0
9201 Hilmar Rd Turlock 2024 Dairy AR,2,87,88,Soares Dairy Lp,9201 Hilmar Rd Turlock Stanislaus 95380,37.427026106709,-120.954487408024,Gustine 95322 . Merced,Destination Address,Broker,,,,2024-10-05,False,True,,,5200.0,19.2,332.0,94.0
"9483 Columbus Ave, Hilmar 2024 Dairy AR",9,91,92,Gold Medal Ag #1,9483 Columbus Ave Hilmar Merced 95324,37.425937968039,-120.868452620166,,,Broker,,,,2024-04-23,False,True,,,1830.0,44.4,117.0,33.0
"9483 Columbus Ave, Hilmar 2024 Dairy AR",23,119,120,Gold Medal Ag #1,9483 Columbus Ave Hilmar Merced 95324,37.425937968039,-120.868452620166,,,Broker,,,,2024-09-04,False,True,,,80.0,85.8,5.0,1.0
"9483 Columbus Ave, Hilmar 2024 Dairy AR",27,127,128,Gold Medal Ag #1,9483 Columbus Ave Hilmar Merced 95324,37.425937968039,-120.868452620166,,,Broker,,,,2024-11-01,False,True,,,50.0,85.8,3.0,1.0
9547 New Hope Rd Galt 2024 Dairy AR,2,39,40,New Hope Dairy,9547 New Hope Rd. Galt 95632,38.247340176919,-121.345644721457,Macdoel,Destination Address,Blank,,,2024-01-01,2024-12-31,False,True,,,240.0,41.3,15.0,4.0
9863 S Van Allen Rd Stockton 2024 Dairy AR,1,46,46,E.R. Prins Dairy #2,9863 S. Van Allen Road Stockton CA 95215,,,002-001-074,Destination Assessor Parcel Number,Blank,37.886575,-120.915408,,2024-10-06,False,True,,,700.0,44.1,45.0,13.0
9950 Arno Rd Galt 2024 Dairy AR,1,43,44,B & J Dairy,9950 Arno Rd. Galt 95632,38.324921139667,-121.324592689669,,,Blank,,,,2024-10-01,False,True,,,2000.0,8.6,128.0,36.0
9950 Arno Rd Galt 2024 Dairy AR,2,45,46,B & J Dairy,9950 Arno Rd. Galt 95632,38.324921139667,-121.324592689669,,,Blank,,,,2024-10-01,False,True,,,600.0,8.6,38.0,11.0
10043 Milnes Rd Modesto 2024 Dairy AR,1,34,35,Martins Living Trust,10043 Milnes Road Modesto CA 95357,37.68258417383,-120.810422441368,014-024-006,Destination Assessor Parcel Number,Blank,38.352167,-120.520032,,2024-10-22,False,True,,,2500.0,52.9,160.0,45.0
10213 W Main St Turlock 2024 Dairy AR,2,156,157,Robert Gioletti + Sons Dairy,10213 W. Main St. Turlock 95380 Zip Code,37.493113389934,-120.96564380497,058-018-001,Destination Assessor Parcel Number,Blank,38.081455,-120.556998,,2024-04-24,False,True,,,672.0,77.6,43.0,12.0
10213 W Main St Turlock 2024 Dairy AR,4,160,161,Robert Giolesti + Sons Dairy,10213 W. Main St. Turlock 95380,37.493113389934,-120.96564380497,058-025-003,Destination Assessor Parcel Number,Blank,38.078679,-120.553783,,2024-05-18,False,True,,,1512.0,77.6,97.0,27.0
10213 W Main St Turlock 2024 Dairy AR,6,164,165,Robert Gioletti + Sons Dairy,10213 W. Main St. Turlock 95380,37.493113389934,-120.96564380497,058-023-019,Destination Assessor Parcel Number,Blank,36.844162,-121.414346,,2024-11-22,False,True,,,2160.0,88.3,138.0,39.0
10213 W Main St Turlock 2024 Dairy AR,7,166,167,Robert Gioletti + Sons Dairy,10213 W. Main St. Turlock 95380,37.493113389934,-120.96564380497,058-023-005,Destination Assessor Parcel Number,Blank,36.842452,-121.414374,,2024-11-22,False,True,,,600.0,88.3,38.0,11.0
10213 W Main St Turlock 2024 Dairy AR,8,168,169,Robert Gioletti + Sons Dairy,10213 W. Main St. Turlock 95380,37.493113389934,-120.96564380497,058-023-023,Destination Assessor Parcel Number,Blank,36.844137,-121.413598,,2024-11-23,False,True,,,1200.0,88.3,77.0,22.0
10218 Fulkerth Rd Ceres 2024 Dairy AR,1,21,22,Robert Giletti + Sons Dairy #2,10218 Fulkerth Rd. Ceres 95307,37.507132625909,-120.96604286738,022-031-019,Destination Assessor Parcel Number,Blank,38.017752,-121.641029,,2024-04-24,False,True,,,252.0,72.7,16.0,5.0
10218 Fulkerth Rd Ceres 2024 Dairy AR,2,23,24,Robert Giletti + Sons Dairy #2,10218 Fulkerth Rd. Ceres 95307,37.507132625909,-120.96604286738,022-036-014,Destination Assessor Parcel Number,Blank,35.570834,-121.109794,,2024-04-24,False,True,,,600.0,72.7,38.0,11.0
10408 S Van Allen Rd Stockton 2024 Dairy AR,1,62,62,Manuel & Jeannette Borges Dairy,"10408 S Van Allen Rd Stockton, CA 95215",37.867271527655,-121.054314216817,185-100-03,Destination Assessor Parcel Number,Blank,36.683609,-119.365204,2024-02-10,2024-02-24,False,True,,,1000.0,61.5,64.0,18.0
10715 Arno Rd Galt 2024 Dairy AR,2,33,34,Cal-Denier Dairy,10715 Arno Rd. Galt 95632,38.337285662227,-121.286555277783,,,Blank,,,,2024-12-10,False,True,,,1650.0,,105.0,30.0
10836 Hwy 120 Oakdale 2024 Dairy AR ,1,71,72,Hockstra Dairy,10834 Hwy 120 Oakdale 95361,37.776402862644,-120.795684445086,010-008-046,Destination Assessor Parcel Number,Blank,37.891869,-121.618188,,2024-07-30,False,True,10.0,60.0,600.0,84.7,60.0,0.0
10836 Hwy 120 Oakdale 2024 Dairy AR ,2,73,74,Hockstra Dairy,10834 Hwy 120 Oakdale 95361,37.776402862644,-120.795684445086,002-050-006,Destination Assessor Parcel Number,Blank,33.425691,-115.707454,2024-11-11,2024-11-12,False,True,10.0,120.0,1200.0,84.7,120.0,0.0
11159 West Peach Street Livingston 2024 Dairy AR,2,29,30,J&Y Jimenez Dairy Inc,1159 Peach Ave Livingston Merced 95334,37.375081862963,-120.726172967921,11594 Ingomar Gustin CA 95322,Destination Address,Other,37.121236802601,-120.945119793036,,2024-06-01,False,True,,,2500.0,,160.0,45.0
11735 Carroll Rd Elk Grove 2024 Dairy AR,1,20,21,Machado & Sons Dairy,11735 Carroll Rd. Elk Grove 95757,38.331923800675,-121.397539387177,,,Blank,,,2024-10-14,2024-10-18,False,True,,,320.0,14.4,20.0,6.0
11923 E Childs Ave L Grand 2024 Dairy AR,1,287,288,Grand View Dairy,11923 E Childs Ave Le Grand Merced 95333,37.284062857406,-120.271520130463,,,Farmer,,,,2024-05-15,False,True,,,2898.0,81.5,185.0,52.0
12100 Fogarty Rd Oakdale 2024 Dairy AR,1,18,18,Riveroak Heifers,12100 Fogarty Road Oakdale CA 95361,37.754304137898,-120.773104783508,010-080-046,Destination Assessor Parcel Number,Blank,37.911929,-121.698132,,2024-10-22,False,True,,,770.0,21.2,49.0,14.0
12530 Warnerville Rd Oakdale 2024 Dairy AR,1,67,68,Cross View Dairy,12530 Warnerville Road Oakdale CA 95361,37.737204971601,-120.764462622239,010-016-013,Destination Assessor Parcel Number,Blank,33.820591,-116.553904,2024-02-04,2024-02-24,False,True,10.0,15.0,150.0,90.5,15.0,0.0
12739 Murphy Rd Escalon 2024 Dairy AR,1,81,82,Vanderscaff 1,12739 Murphy Rd Escalon,37.850984571432,-121.110897660773,Po Box 479 Linden CA 95236,Destination Address,Composting Facility,,,2024-01-01,2024-12-31,False,True,,,240.0,,15.0,4.0
12997 E Peltier Rd Acampo 2024 Dairy AR,1,59,60,Silva Brothers Dairy #1,12997 E. Peltier Road Acampo CA 95220,38.192345331513,-121.157779405433,017-031-025,Destination Assessor Parcel Number,Blank,35.725494,-120.273659,,2024-04-11,False,True,10.0,40.0,400.0,28.5,40.0,0.0
12997 E Peltier Rd Acampo 2024 Dairy AR,2,61,62,Silva Brothers Dairy #1,12997 E. Peltier Road Acampo CA 95220,38.192345331513,-121.157779405433,051-016-012,Destination Assessor Parcel Number,Blank,37.493122,-120.830427,,2024-04-14,False,True,10.0,85.0,850.0,28.5,85.0,0.0
12997 E Peltier Rd Acampo 2024 Dairy AR,3,63,64,Silva Brothers Dairy #1,12997 E. Peltier Road Acampo CA 95220,38.192345331513,-121.157779405433,051-070-20,Destination Assessor Parcel Number,Blank,37.954824,-122.526331,,2024-04-24,False,True,10.0,100.0,1000.0,24.40000000000001,100.0,0.0
12997 E Peltier Rd Acampo 2024 Dairy AR,5,67,68,Silva Brothers Dairy #1,12997 E. Peltier Road Acampo CA 95220,38.192345331513,-121.157779405433,"007-013-020,007-013-021",Destination Assessor Parcel Number,Blank,35.133806,-120.581811,,2024-10-10,False,True,,,650.0,34.400000000000006,42.0,12.0
12997 E Peltier Rd Acampo 2024 Dairy AR,6,69,70,Silva Brothers Dairy #1,12997 E. Peltier Road Acampo CA 95220,38.192345331513,-121.157779405433,"007-013-020,007-013-021",Destination Assessor Parcel Number,Blank,35.133806,-120.581811,,2024-05-08,False,True,,,2000.0,24.40000000000001,128.0,36.0
12997 E Peltier Rd Acampo 2024 Dairy AR,7,71,72,Silva Brothers Dairy #1,12997 E. Peltier Road Acampo CA 95220,38.192345331513,-121.157779405433,142-0100-031,Destination Assessor Parcel Number,Blank,37.800608,-122.413795,,2024-10-02,False,True,10.0,275.0,2750.0,31.0,275.0,0.0
13293 E Louise Ave Manteca 2024 Dairy AR,1,23,24,Van Groningen & Sons INC.,13293 Louise Ave. Manteca 95336,37.814114465292,-121.145831756827,,,Blank,,,2024-06-01,2024-09-01,False,True,,,960.0,20.0,61.0,17.0
13640 Collier Rd Delhi 2024 Dairy AR,1,97,98,Parkview Dairy,13640 Collier RD Delhi Merced 95315,,,19085 W.Bradbury Turlock 95380,Destination Contact Address,Blank,37.448650536802,-120.832092259467,,2024-01-17,False,True,,,4922.599999999999,,314.0,89.0
13640 Collier Rd Delhi 2024 Dairy AR,2,99,100,Parkview Dairy,13640 Collier RD Delhi Merced 95315,,,19085 W.Bradbury Turlock 95380,Destination Contact Address,Blank,37.448650536802,-120.832092259467,,2024-04-03,False,True,,,847.5999999999999,,54.0,15.0
13640 Collier Rd Delhi 2024 Dairy AR,3,101,102,Parkview Dairy,13640 Collier RD Delhi Merced 95315,,,19085 W.Bradbury Turlock 95380,Destination Contact Address,Blank,37.448650536802,-120.832092259467,,2024-02-27,False,True,,,1890.8,,121.0,34.0
13640 Collier Rd Delhi 2024 Dairy AR,4,103,104,Parkview Dairy,13640 Collier RD Delhi Merced 95315,,,19085 W.Bradbury Turlock 95380,Destination Contact Address,Blank,37.448650536802,-120.832092259467,,2024-04-10,False,True,,,4857.4,,310.0,88.0
13640 Collier Rd Delhi 2024 Dairy AR,5,105,106,Parkview Dairy,13640 Collier RD Delhi Merced 95315,,,19085 W.Bradbury Turlock 95380,Destination Contact Address,Blank,37.448650536802,-120.832092259467,,2024-07-24,False,True,,,586.8,,37.0,11.0
13640 Collier Rd Delhi 2024 Dairy AR,6,107,108,Parkview Dairy,13640 Collier RD Delhi Merced 95315,,,19085 W.Bradbury Turlock 95380,Destination Contact Address,Blank,37.448650536802,-120.832092259467,,2024-06-05,False,True,,,619.4,,40.0,11.0
13640 Collier Rd Delhi 2024 Dairy AR,7,109,110,Parkview Dairy,13640 Collier RD Delhi Merced 95315,,,19085 W.Bradbury Turlock 95380,Destination Contact Address,Blank,37.448650536802,-120.832092259467,,2024-12-14,False,True,,,1890.8,,121.0,34.0
13640 Collier Rd Delhi 2024 Dairy AR,8,111,112,Parkview Dairy,13640 Collier RD Delhi Merced 95315,,,19085 W.Bradbury Turlock 95380,Destination Contact Address,Blank,37.448650536802,-120.832092259467,,2024-10-31,False,True,,,4596.599999999999,,294.0,83.0
13640 Collier Rd Delhi 2024 Dairy AR,9,113,114,Parkview Dairy,13640 Collier RD Delhi Merced 95315,,,19085 W.Bradbury Turlock 95380,Destination Contact Address,Blank,37.448650536802,-120.832092259467,,2024-09-25,False,True,,,945.4,,60.0,17.0
13640 Collier Rd Delhi 2024 Dairy AR,10,115,116,Parkview Dairy,13640 Collier RD Delhi Merced 95315,,,19085 W.Bradbury Turlock 95380,Destination Contact Address,Blank,37.448650536802,-120.832092259467,,2024-12-06,False,True,,,2347.2,,150.0,42.0
13640 Collier Rd Delhi 2024 Dairy AR,11,117,118,Parkview Dairy,13640 Collier RD Delhi Merced 95315,,,19085 W.Bradbury Turlock 95380,Destination Contact Address,Blank,37.448650536802,-120.832092259467,,2024-12-13,False,True,,,3553.3999999999996,,227.0,64.0
13640 Collier Rd Delhi 2024 Dairy AR,12,119,120,Parkview Dairy,13640 Collier RD Delhi Merced 95315,,,19085 W.Bradbury Turlock 95380,Destination Contact Address,Blank,37.448650536802,-120.832092259467,,2024-12-31,False,True,,,1369.1999999999998,,87.0,25.0
13701 S Hwy 59 El Nido 2024 Dairy AR,1,89,90,Healy Ranch (Formally Guilherme Brasil Dairy),13701 S Hwy 59 El Nido Merced 95317,37.088312770747,-120.492728445908,,,Farmer,,,,2024-05-15,False,True,,,1700.0,27.3,109.0,31.0
13701 S Hwy 59 El Nido 2024 Dairy AR,2,91,92,Healy Ranch (Formally Guilherme Brasil Dairy),13701 S Hwy 59 El Nido Merced 95317,37.088312770747,-120.492728445908,,,Farmer,,,,2024-05-20,False,True,,,2400.0,27.3,153.0,43.0
13701 S Hwy 59 El Nido 2024 Dairy AR,4,95,96,Healy Ranch (Formally Guilherme Brasil Dairy),13701 S Hwy 59 El Nido Merced 95317,37.088312770747,-120.492728445908,,,Farmer,,,,2024-10-08,False,True,,,425.0,95.5,27.0,8.0
13701 S Hwy 59 El Nido 2024 Dairy AR,5,97,98,Healy Ranch (Formally Guilherme Brasil Dairy),13701 S Hwy 59 El Nido Merced 95317,37.088312770747,-120.492728445908,,,Farmer,,,,2024-10-10,False,True,,,625.0,35.6,40.0,11.0
14691 S Brennan Rd Escalon 2024 Dairy AR,1,21,22,Fragoso Dairy #2,"14691 Brennan Rd Escalon, CA",37.830066693868,-121.016622623902,205-110-04,Destination Assessor Parcel Number,Blank,33.866981,-117.571024,,2024-10-14,False,True,10.0,172.0,1720.0,64.8,172.0,0.0
15343 Tim Bell Rd Waterford 2024 Dairy AR,2,28,29,Lockwood III Dairy,15343 Tim Bell Rd. Waterford 95386,37.674420032499,-120.71171840686,Denair,Destination Address,Blank,,,2024-09-05,2024-09-07,False,True,,,1000.0,14.7,64.0,18.0
16348 S Van Allen Rd 2024 Dairy AR,1,20,20,R. Doornenbal Dairy #2,16348 S. Van Allen Road Escalon CA 95320,37.813837988215,-121.051896019397,205-060-007,Destination Assessor Parcel Number,Blank,37.749662,-121.850436,2024-06-01,2024-11-15,False,True,,,1850.0,42.5,118.0,33.0
17463 E Gawne Rd Stockton 2024 Dairy AR,2,76,77,Manuel & Jeannette Borges Dairy #2,17463 Gawne Rd. Stockton 95215,37.892000242003,-121.098837424649,181-090-29,Destination Assessor Parcel Number,Blank,37.119235,-122.113404,,2024-05-29,False,True,,,199.5,8.8,13.0,4.0
17463 E Gawne Rd Stockton 2024 Dairy AR,3,78,79,Manuel & Jeannette Borges Dairy #2,17463 Gawne Rd. Stockton 95215,37.892000242003,-121.098837424649,"185-020-03,185-020-04,185-020-05,185-020-06,185-020-07,185-020-08",Destination Assessor Parcel Number,Blank,37.982547,-122.476982,2024-10-22,2024-10-23,False,True,,,819.0,9.0,52.0,15.0
"18254 N. First Ave, Stevinson 2024 Dairy AR",1,48,49,Borba Cattle Company LLC.,18254 N. First Street Stevinson CA 95374,,,4505 N. Mccullagh Road Stevinson 95374 Merced County,Destination Address,Farmer,37.359624876343,-120.885801064263,,2024-05-08,False,True,,,960.0,87.9,61.0,17.0
"18254 N. First Ave, Stevinson 2024 Dairy AR",2,50,51,Borba Cattle Company LLC.,18254 N. First Street Stevinson CA 95374,,,4505 N. Mccullagh Road Stevinson 95374 Merced County,Destination Address,Farmer,37.359624876343,-120.885801064263,,2024-10-28,False,True,,,600.0,87.9,38.0,11.0
"18451 W Bradbury Rd, Turlock 2024 Dairy AR",1,46,47,Joe O. Rocha Dairy INC.,18451 W. Bradbury Road Turlock CA 95380,37.448497818526,-120.820643250281,Merced County,Destination Address,Farmer,,,,2024-05-15,False,True,,,1100.0,78.4,70.0,20.0
"18451 W Bradbury Rd, Turlock 2024 Dairy AR",2,48,49,Joe O. Rocha Dairy INC.,18451 W. Bradbury Road Turlock CA 95380,37.448497818526,-120.820643250281,Merced County,Destination Address,Farmer,,,,2024-05-17,False,True,,,1900.0,78.4,121.0,34.0
19116 Lone Tree Rd Escalon 2024 Dairy AR,1,64,65,R. Doornenbal Dairy #1,19116 Lone Tree Road Escalon CA 95320,37.82637698009,-121.075714873651,205-100-008,Destination Assessor Parcel Number,Blank,40.473726,-122.423109,,2024-10-30,False,True,,,192.0,31.5,12.0,3.0
19116 Lone Tree Rd Escalon 2024 Dairy AR,3,68,69,R. Doornenbal Dairy #1,19116 Lone Tree Road Escalon CA 95320,37.82637698009,-121.075714873651,205-090-52,Destination Assessor Parcel Number,Blank,37.392754,-122.013435,,2024-10-31,False,True,,,294.0,31.5,19.0,5.0
19116 Lone Tree Rd Escalon 2024 Dairy AR,8,78,79,R. Doornenbal Dairy #1,19116 Lone Tree Road Escalon CA 95320,37.82637698009,-121.075714873651,205-060-008,Destination Assessor Parcel Number,Blank,37.754509,-121.854618,,2024-11-02,False,True,,,39.0,31.5,2.0,1.0
19116 Lone Tree Rd Escalon 2024 Dairy AR,9,80,81,R. Doornenbal Dairy #1,19116 Lone Tree Road Escalon CA 95320,37.82637698009,-121.075714873651,205-240-006,Destination Assessor Parcel Number,Blank,40.467493,-122.434836,,2024-11-03,False,True,,,203.0,31.5,13.0,4.0
19325 E Lone Tree Rd Escalon 2024 Dairy AR,1,19,20,Doornenbal Dairy #3,19325 Lone Tree Road Escalon CA 95320,37.827766490089,-121.074046623462,205-060-07,Destination Assessor Parcel Number,Blank,37.749662,-121.850436,,2024-10-27,False,True,10.0,275.0,2750.0,52.9,275.0,0.0
"20326 Johnson Ave, Hilmar 2024 Dairy AR",6,45,46,Gold Medal Ag Llc #2,20326 Johnson Ave Hilmar Merced 95324,37.433340184494,-120.856819756446,,,Farmer,,,,2024-04-24,False,True,,,1380.0,19.8,88.0,25.0
"20326 Johnson Ave, Hilmar 2024 Dairy AR",12,57,58,Gold Medal Ag Llc #2,20326 Johnson Ave Hilmar Merced 95324,37.433340184494,-120.856819756446,,,Farmer,,,,2024-09-04,False,True,,,560.0,36.8,36.0,10.0
"20326 Johnson Ave, Hilmar 2024 Dairy AR",14,61,62,Gold Medal Ag Llc #2,20326 Johnson Ave Hilmar Merced 95324,37.433340184494,-120.856819756446,,,Farmer,,,,2024-10-31,False,True,,,1280.0,36.8,82.0,23.0
"21670 W Bloss Ave, Hilmar 2024 Dairy AR",5,110,111,Clauss Dairy,21670 Bloss Ave Hilmar 95324,37.404879148772,-120.88069204282,,,Blank,,,,2024-04-12,False,True,,,1060.0,18.6,68.0,19.0
"22014 Turner Ave, Hilmar 2024 Dairy AR",1,62,63,B-6 Dairy,22014 Turner Road Hilmar CA 95324,37.375484,-120.888949,Merced County,Destination Address,Farmer,,,,2024-06-05,False,True,,,2100.0,80.2,134.0,38.0
"22014 Turner Ave, Hilmar 2024 Dairy AR",3,66,67,B-6 Dairy,22014 Turner Road Hilmar CA 95324,37.375484,-120.888949,Merced County,Destination Address,Farmer,,,,2024-10-25,False,True,,,1250.0,35.1,80.0,23.0
22270 Bloss Ave Hilmar 2024 Dairy AR,10,66,67,Sunwest Jerseys,22270 Bloss Ave Hilmar 95324,37.405353103487,-120.891440073443,058-019-008,Destination Assessor Parcel Number,Blank,37.469217,-120.974062,2024-03-20,2024-03-21,False,True,12.0,,238.0,15.1,15.0,4.0
22270 Bloss Ave Hilmar 2024 Dairy AR,11,68,69,Sunwest Jerseys,22270 Bloss Ave Hilmar 95324,37.405353103487,-120.891440073443,,,Blank,,,,2024-01-06,False,True,,,,,,
22270 Bloss Ave Hilmar 2024 Dairy AR,21,88,89,Sunwest Jerseys,22270 Bloss Ave Hilmar 95324,37.405353103487,-120.891440073443,,,Blank,,,,2024-09-01,False,True,,,,,,
23234 Lone Tree Rd Escalon 2024 Dairy AR,1,79,80,Crupside Duris,23234 Lone Tree Ed Escalar 95320,37.824051504873,-121.021877574279,,,Blank,,,,2024-05-10,False,True,10.0,70.0,770.0,30.90000000000001,70.0,0.0
"24093 W. American Ave, Hilmar 2024 Dairy AR",1,90,91,Lander Heifer Facility,10507 Lander Ave Turlock 95380,37.442372994238,-120.853309035699,4101 N. Berkely Ave Turlock 95380,Destination Address,Blank,37.530577682606,-120.830588218833,2024-09-20,2024-12-04,False,True,,,7404.0,8.4,473.0,134.0
26290 S Union Rd Manteca 2024 Dairy AR,1,101,102,Ray & Sue Quaresma Dairy,26290 S. Union Road Manteca CA 95337,37.716051772105,-121.231490113415,226-090-01,Destination Assessor Parcel Number,Blank,33.956825,-117.412304,,2024-05-20,False,True,10.0,100.0,1000.0,73.1,100.0,0.0
26298 Groves Rd Farmington 2024 Dairy AR,1,26,27,Machado Dairy Farms #4,26298 Groves Road,35.302893965934,-119.125090525038,23844 Dodds Road Escalon CA 95320,Destination Address,Blank,37.855305777795,-121.019677743791,,2024-10-15,False,True,20.0,85.5,1650.0,27.700000000000003,0.0,86.0
26298 Groves Rd Farmington 2024 Dairy AR,2,28,29,Machado Dairy Farms #4,26298 Groves Road,35.302893965934,-119.125090525038,23844 Dodds Road Escalon CA 95320,Destination Address,Blank,37.855305777795,-121.019677743791,,2024-05-10,False,True,20.0,53.0,1060.0,39.1,0.0,53.0
26972 N Dustin Rd Acampo 2024 Dairy AR,1,28,29,Sited Oak Dairy,26972 N. Dustin Rd. Acampo 95220,38.232976984341,-121.222868990723,217 Saint Andrews Rd. Valley Springs 95252,Destination Address,Other,38.174339871935,-120.828969581439,,2024-09-07,False,True,,,3.68,52.4,0.0,0.0
26972 N Dustin Rd Acampo 2024 Dairy AR,2,30,31,Sited Oak Dairy,26972 N. Dustin Rd. Acampo 95220,38.232976984341,-121.222868990723,12631 Pratton Ln. Galt 95632,Destination Address,Other,38.297458504465,-121.272362201136,,2024-09-01,False,True,,,5.52,52.4,0.0,0.0
26972 N Dustin Rd Acampo 2024 Dairy AR,3,32,33,Sited Oak Dairy,26972 N. Dustin Rd. Acampo 95220,38.232976984341,-121.222868990723,12959 Herald Rd. Herald 95638,Destination Address,Other,38.286157603509,-121.24188987596,,2024-08-31,False,True,,,5.52,52.4,0.0,0.0
28524 S Kasson Rd Tracy 2024 Dairy AR,1,95,96,Douma Dairy,28524 Kasson Rd Tracy CA 95376,37.696077277742,-121.29352944032,Po Box 479 Linden CA 95236,Destination Address,Composting Facility,,,2024-01-01,2024-12-31,False,True,,,413.0,,26.0,7.0
2024AR_4 Corners Dairy_14976 Ave 168_Tulare,1,52,53,De Boer Dairy,14976 Avenue 168 Tulare 93274,36.095113026023,-119.237022706884,,,Blank,,,,2024-01-15,False,True,,,2021.63,79.8,129.0,37.0
2024AR_4 Corners Dairy_14976 Ave 168_Tulare,2,55,56,De Boer Dairy,14976 Avenue 168 Tulare 93274,36.095113026023,-119.237022706884,Fields 1 2 3 4,Destination Address,Blank,33.70298466352,-117.765293865355,,2024-09-30,False,True,,,7700.0,53.9,492.0,139.0
2024AR_Cream Top Dairy_13075 Ave 200_Tulare,1,70,71,Cream Top Dairy,13075 Ave 200 Tulare,36.152535558749,-119.280965588652,2909 Bell Port Tulare 93274,Hauler Address,Composting Facility,36.203880331574,-119.304917882804,2025-04-01,2025-06-01,False,True,,,2412.0,,154.0,44.0
2024AR_D & V Dairy_15625 Ave 144_Tulare,1,35,36,D & V Dairy,15625 Avenue 144 Tipton CA 93272,36.051276646992,-119.22320067625,Merritt Yard,Destination Contact Address,Blank,37.643799012361,-122.096854519144,,2024-06-26,False,True,,,2060.0,82.1,132.0,37.0
2024AR_D & V Dairy_15625 Ave 144_Tulare,6,44,45,D & V Dairy,15625 Avenue 144 Tipton CA 93272,36.051276646992,-119.22320067625,,,Blank,,,2024-12-01,2024-12-09,False,True,,,9328.0,68.0,596.0,168.0
2024AR_Double J Dairy_6656 Ave 328_Tulare,6,60,61,Double J Dairy,6656 Avenue 328 Visalia CA 93291,36.385559176747,-119.414645629912,7Th Avenue And Dover Ave Visalia CA,Destination Address,Blank,36.332351495109,-119.352885520261,,2024-11-25,False,True,,,3400.0,40.6,217.0,61.0
2024AR_East Ridge Farms_14153 Rd 168_Tulare,1,34,35,East Ridge Dairy,14153 Rd 168 Porterville CA 93257,36.043623983151,-119.197210731551,,,Blank,,,2024-12-01,2024-12-09,False,True,,,1122.0,65.9,72.0,20.0
2024AR_Elkhorn Dairy_10400 Ave 368_Tulare,1,165,165,Elkhorn Dairy,10400 Ave 368 Visalia 93292,36.458046159725,-119.314731441617,,,Blank,,,2024-01-01,2024-12-31,False,True,,,7500.0,,479.0,135.0
2024AR_Gerben Leyendekker Dairy #1_8517 Ave 360_Tulare,1,38,39,Gerben Leyendekker,8676 Avenue 360 Visalia CA 93291,36.443833365157,-119.380298181327,042-050-009,Destination Assessor Parcel Number,Blank,32.918091,-114.854592,2024-10-16,2024-10-17,False,True,,,1420.0,68.3,91.0,26.0
2024AR_John Jongsma Dairy_15434 Ave 192_Tulare,3,25,26,John Jongsma Dairy,15434 Avenue 192 Tulare CA 93274,36.140568757495,-119.226980767784,,,Blank,,,,2024-06-25,False,True,,,2415.0,96.2,154.0,44.0
2024AR_Lawrence Family Farms Dairy_14760 Ave 208_Tulare,1,31,31,Lawrence Family Farms,14760 Ave. 208 Tulare 93274,36.168288717125,-119.243422206139,,,Blank,,,2024-01-01,2024-12-31,False,True,,,3500.0,,224.0,63.0
2024AR_Louie De Groot Dairy_15081 Ave 104_Tulare,2,41,42,Louie De Groot Dairy,15081 Avenue 104 Pixley CA 93256,35.978790677447,-119.232121914162,300-280-01,Destination Assessor Parcel Number,Blank,33.817825,-117.22074,2024-08-14,2024-08-19,False,True,,,952.2,60.3,61.0,17.0
2024AR_Louie De Groot Dairy_15081 Ave 104_Tulare,3,43,44,Louie De Groot Dairy,15081 Avenue 104 Pixley CA 93256,35.978790677447,-119.232121914162,300-240-09,Destination Assessor Parcel Number,Farmer,33.818771,-117.215527,2024-08-14,2024-08-16,False,True,,,1252.35,60.3,80.0,23.0
2024AR_Pires Dairy_13464 Ave 152_Tulare,1,45,46,Pires,13464 Ave 152 Tulare,36.065778758238,-119.271989076938,1443 Windsong Dr Tulare 93274,Destination Contact Address,Blank,36.192535677083,-119.301829319122,2024-09-07,2024-09-24,False,True,,,910.8,,58.0,16.0
2024AR_Pires Dairy_13464 Ave 152_Tulare,2,47,48,Pires,13464 Ave 152 Tulare,36.065778758238,-119.271989076938,232-150-04,Destination Assessor Parcel Number,Blank,38.085584,-122.56526,2024-08-20,2024-09-03,False,True,,,1573.2,,100.0,28.0
2024AR_Rancho Sierra Vista Dairy_32866 Rd 108_Tulare,2,35,36,Rancho Sierra Vista,32866 Road 108 Visalia CA 93291,36.38673516936,-119.332131318405,"048-080-030,048-080-038",Destination Assessor Parcel Number,Blank,38.261209,-122.648231,,2024-11-10,False,True,,,250.0,50.0,16.0,5.0
2024AR_Rancho Sierra Vista Dairy_32866 Rd 108_Tulare,3,37,38,Rancho Sierra Vista,32866 Road 108 Visalia CA 93291,36.38673516936,-119.332131318405,"072-030-012,072-060-011,072-050-013,072-030-012-000,072-060-011,072-050-013",Destination Assessor Parcel Number,Blank,39.510558,-121.453486,,2024-11-20,False,True,,,750.0,50.0,48.0,14.0
2024AR_Rui and Jennifer Brasil Dairy_8061 Ave 360_Tulare,1,22,23,Rui Brasil Dairy,8061 Avenue 360 Ave Visalia Tulare 92391,36.443898196756,-119.391856845068,Visalia 92391 Composting Facility Tulare,Destination Address,Broker,,,,2024-04-09,False,True,,,3185.0,66.1,203.0,58.0
2024AR_Skyline Dairy_15992 Ave 192_Tulare,5,38,39,Skyline Dairy,15992 Ave 192 Tulare CA 93274,36.139537531947,-119.21520612166,,,Blank,,,2024-11-15,2024-11-22,False,True,,,1800.0,72.3,115.0,33.0
2024AR_Sousa Dairy_7709 Ave 376_Tulare,1,72,73,Sousa Dairy,7709 Avenue 376 Dinuba. 93618,36.473157198913,-119.402619524106,P.O Box 725 Stratford 93266,Hauler Address,Broker,,,2024-09-05,2024-09-29,False,True,,,1200.0,,77.0,22.0
2024AR_Sunset Ranch_19493 Rd 140_Tulare,1,28,29,Sunset Ranch,194393 Road 140 Tulare CA 93274,36.1874595,-119.2599645,Field 5,Destination Address,Farmer,,,2024-09-30,2024-10-10,False,True,,,144.0,65.5,9.0,3.0
2024AR_Sunset Ranch_19493 Rd 140_Tulare,2,30,31,Sunset Ranch,194393 Road 140 Tulare CA 93274,36.1874595,-119.2599645,Field 5,Destination Address,Farmer,,,2024-09-30,2024-10-10,False,True,,,163.0,65.5,10.0,3.0
2024AR_Sunset Ranch_19493 Rd 140_Tulare,3,32,33,Sunset Ranch,194393 Road 140 Tulare CA 93274,36.1874595,-119.2599645,Field 4,Destination Address,Farmer,,,2024-09-30,2024-10-10,False,True,,,186.0,65.5,12.0,3.0
2024AR_Tri Bak Dairy LLC_9045 Ave 368_Tulare,1,37,37,Tri-Bak Dairy,9045 Ave. 368 Binuba 93618,36.458171208792,-119.370040694196,,,Blank,,,,,False,True,,,6000.0,,383.0,108.0
2024AR_Van Beek Brothers Dairy_14808 Ave 152_Tulare,2,123,123,Van Beek Brothers Dairy,14982 Road 152 Tipton CA 93272,36.065125971961,-119.23228255615,232-160-003,Destination Assessor Parcel Number,Blank,360607199.0,-119.2391615,2024-11-18,2024-11-22,False,True,,,3360.0,60.0,215.0,61.0
2024AR_William & John Jongsma Dairy_11598 Rd 152_Tulare,1,31,32,William & John Jongsma Dairy,11598 Road 152 Pixley CA 93256,35.997106790471,-119.232586257224,,,Blank,,,2024-06-01,2024-10-01,False,True,,,12567.27,62.0,803.0,227.0
2024AR_Aukeman Farms Dairy_17297 Road 96_W Tulare,1,250,251,Aukeman Farms,17297 Road 96 Tulare Tulare 93274,36.104061232448,-119.357825584886,18017 Road 93 Tulare 93270 Tulare,Destination Address,Farmer,,,,2024-05-16,False,True,,,2284.09,23.5,146.0,41.0
"2024AR_Channel Islands Dairy Farms, LLC_13406 Road 24_W Tulare",1,21,22,Channel Islands Dairy Farms,13406 Rd 24 Corcoran 93212,35.978268148292,-119.518765236161,960 N San Antonio Rd Ste 114 Los Altos 94022,Destination Address,Blank,37.399236996378,-122.114846986772,2024-03-01,2024-12-31,False,True,,,15700.0,,1003.0,284.0
2024AR_DJ Dairy_4390 Avenue 352_W Tulare,1,80,80,DJ Dairy,4390 Ave. 352 Kingsburg 93631,36.419004013957,-119.479260965939,,,Blank,,,2024-01-01,2024-12-31,False,True,,,7700.0,,492.0,139.0
2024AR_Sun Valley Dairy_255 Road 128_W Tulare,2,55,56,Sun Valley Dairy,255 Road 128 Delano CA 93215,35.798081008623,-119.293958963498,Avenue 8 And West Of Road 128,Destination Address,Blank,36.704477009692,-119.56097496653,2024-05-05,2024-09-10,False,True,,,6000.0,64.7,383.0,108.0
