Dairy Name,Dairy Address,Average Milk Cows,Average Dry Cows,Average Bred Heifers,Average Heifers,Average Calves (4-6 mo.),Average Calves (0-3 mo.),Average Other/Unspecified Head,Total Manure Excreted (tons),Average Milk Production (lb per cow per day),Total Dry Manure Generated N After Ammonia Losses (lbs),Total Dry Manure Generated N (lbs),Total Dry Manure Generated P (lbs),Total Dry Manure Generated K (lbs),Total Dry Manure Generated Salt (lbs),Total Process Wastewater Generated (gals),Total Process Wastewater Generated N (lbs),Total Process Wastewater Generated P (lbs),Total Process Wastewater Generated K (lbs),Total Process Wastewater Generated Salt (lbs),Applied N Dry Manure (lbs),Applied P Dry Manure (lbs),Applied K Dry Manure (lbs),Applied Salt Dry Manure (lbs),Applied Process Wastewater (gals),Applied Process Wastewater N (lbs),Applied Process Wastewater P (lbs),Applied Process Wastewater K (lbs),Applied Process Wastewater Salt (lbs),Applied to Removed Ratio N,Applied to Removed Ratio P,Applied to Removed Ratio K,Applied to Removed Ratio Salt,filename,Average Milk Production (kg per cow),Average Milk Production (L per cow),Reported Annual Milk Production (L),Total Herd Size,Total Applied N (lbs),Total Reported N (lbs),Unaccounted For N (lbs),Total Applied P (lbs),Total Reported P (lbs),Unaccounted For P (lbs),Total Applied K (lbs),Total Reported K (lbs),Unaccounted For K (lbs),Total Applied Salt (lbs),Total Reported Salt (lbs),Unaccounted For Salt (lbs),Total Wastewater Generated (L),Wastewater to Reported Milk Ratio,estimated_annual_milk_production_l,wastewater_estimated,Wastewater to Estimated Milk Ratio,Wastewater Ratio Discrepancy,Calculated Manure Factor,Manure Factor Discrepancy,USDA N Estimate (lbs),UCCE N Estimate (lbs),Nitrogen Discrepancy,USDA Nitrogen % Deviation,UCCE Nitrogen % Deviation,Operator Name,Hauling Company,Destination Address,Manure Amount,Manure Solids Content
Mattos Bros. Dairy,4017 Kansas AVE Hanford Kings 93230,2100.0,300.0,900.0,400.0,350.0,0.0,,0.0,85.0,0.0,948638.7,157490.74,422864.88,1057770.0,18070500.0,94172.9,13456.15,159264.58,1091638.78,83676.24,37430.98,78652.74,77668.36,94172.9,94172.9,13456.15,159264.58,1091.0,0.74,1.09,0.92,1.15,2023AR_Mattos Brothers Dairy_4017 Kansas Ave_Kings.pdf,38.55532,39.7119796,34787694.1296,4050.0,177849.14,94172.9,0.0,50887.130000000005,170946.88999999998,0.0,237917.32,582129.46,0.0,78759.36,2149408.7800000003,0.0,68404251.405,1.9663347375127254,34787694.1296,35831324.95348801,1.9663347375127254,0.0,0.0,-4.1,0.0,154587.8,0.0,0.0,-100.0,,,,,
Golden Star Dairy #2,This owner is responsible for paying permit fees.,0.0,0.0,0.0,0.0,0.0,0.0,,0.0,0.0,0.0,0.0,0.0,0.0,0.0,0.0,0.0,0.0,0.0,0.0,0.0,0.0,0.0,0.0,24072.93,24072.93,2287.95,15397.6,90801.95,0.53,0.29,0.29,0.5,2023AR_Golden Star Dairy LLC #2_6398 16th Avenue_Kings.pdf,0.0,0.0,0.0,0.0,24072.93,0.0,0.0,2287.95,0.0,0.0,15397.6,0.0,0.0,90801.95,0.0,0.0,0.0,0.0,0.0,0.0,0.0,0.0,0.0,0.0,0.0,0.0,0.0,0.0,0.0,,,,,
C&R Dairy,18321 Idaho AVE Lemoore Kings 93245,395.0,0.0,0.0,0.0,0.0,0.0,,9759.22,62.0,89338.38,127626.25,21535.67,73570.02,185985.75,2050000.0,9574.07,709.95,4240.72,27149.21,0.0,0.0,0.0,0.0,0.0,0.0,0.0,0.0,0.0,0.0,0.0,0.0,0.0,2023AR_C&R Dairy_18321 Idaho Avenue_Kings.pdf,28.122704,28.966385119999998,4176228.5746759996,395.0,0.0,98912.45000000001,0.0,0.0,22245.62,0.0,0.0,77810.74,0.0,0.0,213134.96,0.0,7760090.5,1.858157512511643,4176228.5746759996,4301515.43191628,1.858157512511643,0.0,24.706886075949367,20.60688607594937,252178244.79999998,20923.94,-252088906.42,-99.96457331992661,326.9672920109693,,,,,
Sierra Blanca Ranch Physical address of dairy 15673 5th 12 AVE Hanford Kings 93230 Number and Street City County Zip Code Street and nearest cross street (if no address) Date facility was originally placed in operation 03011990 Regional Water Quality Control Board Basin Plan designation Tulare Basin County Assessor Parcel Number(s) for dairy facility X028-X070-X004-XXXX X028-X070-X019-XXXX B. OPERATORS TeVelde Adam Operator name TeVelde Adam Telephone no. (559) 410-3456 Landline Cellular 2911 Hanford-Armona RD Hanford CA 93230 Mailing Address Number and Street City State Zip Code This operator is responsible for paying permit fees. TeVelde Jacob Operator name TeVelde Jacob Telephone no. (559) 786-6757 Landline Cellular 2911 Hanford-Armona RD Hanford CA 93230 Mailing Address Number and Street City State Zip Code C. OWNERS Sierra Blanca Ranch 15673 5th 12 AVE Hanford CA 93230 Kings County Tulare Basin 061112024 123936 Page 1 of 109,PDF PAGE BREAK 1,3.0,300.0,500.0,100.0,0.0,0.0,,0.0,75.0,0.0,0.0,0.0,0.0,0.0,0.0,0.0,0.0,0.0,0.0,0.0,0.0,0.0,0.0,296.0,296.0,562.0,40.0,54.0,0.0,74.0,0.0,62.0,2023AR_Sierra Blanca Ranch_15673 5 1-2 Avenue_Kings.pdf,34.0194,35.039981999999995,3875246.80929,903.0,296.0,0.0,0.0,562.0,0.0,0.0,40.0,0.0,0.0,54.0,0.0,0.0,0.0,0.0,3875246.80929,3991504.2135687,0.0,0.0,0.0,-4.1,0.0,27678.516000000003,0.0,0.0,-100.0,,,,,
Barreto & Silveira Dairy,11305 2nd Ave Hanford Kings 93230,0.0,0.0,0.0,0.0,0.0,0.0,,0.0,0.0,0.0,0.0,0.0,0.0,0.0,0.0,0.0,0.0,0.0,0.0,187040.0,96860.0,349030.0,10000060.2,0.0,0.0,0.0,0.0,0.0,0.49,1.45,0.95,6.14,2023AR_Barreto & Silveira Dairy_11305 2nd Avenue_Kings.pdf,0.0,0.0,0.0,0.0,187040.0,0.0,0.0,96860.0,0.0,0.0,349030.0,0.0,0.0,10000060.2,0.0,0.0,0.0,0.0,0.0,0.0,0.0,0.0,0.0,0.0,0.0,0.0,0.0,0.0,0.0,,,,,
SOZINHO DAIRY 1,11447 8 1/2 AVE Hanford Kings 93230,1200.0,190.0,350.0,750.0,275.0,375.0,,46561.72,69.0,0.0,0.0,92386.7,0.0,608710.5,46180000.0,198842.29,15068.88,139318.81,922401.95,36790.2,20025.0,80576.6,1946086.2,198842.29,198842.29,15068.88,139318.81,922401.95,1.28,0.97,0.92,3.21,2023AR_Sozinho Dairy #1 and #3_11447 8 1-2 Avenue_Kings.pdf,31.297848,32.236783439999996,16355332.078283997,3140.0,235632.49,198842.29,0.0,35093.88,107455.58,0.0,219895.41,139318.81,0.0,2868488.15,1531112.45,0.0,174810233.8,10.688271749132294,16355332.078283997,16845992.040632516,10.688271749132294,0.0,24.87660307531926,20.776603075319258,1203154844.8000002,99148.08,-1203154844.8000002,-100.0,-100.0,,,,,
Richard Simas,17571 Flint AVE Hanford Kings 93230,1.0,0.0,0.0,0.0,0.0,0.0,,17.5,1.0,0.0,229.5,37.31,146.18,470.85,0.0,0.0,0.0,0.0,0.0,0.0,0.0,0.0,0.0,0.0,0.0,0.0,0.0,0.0,0.0,0.0,0.0,0.0,2023AR_Richard Simas Dairy_17571 Flint Avenue_Kings.pdf,0.453592,0.46719976,170.52791240000002,1.0,0.0,0.0,0.0,0.0,37.31,0.0,0.0,146.18,0.0,0.0,470.85,0.0,0.0,0.0,170.52791240000002,175.64374977200004,0.0,0.0,17.5,13.4,452200.0,52.971999999999994,-452200.0,-100.0,-100.0,,,,,
Silva & Son Dairy,8331 Excelsior AVE Hanford Kings 93230,510.0,47.0,53.0,49.0,0.0,0.0,,14553.03,68.0,0.0,187736.0,31439.26,96999.57,250941.15,3756000.0,5266.5,1882.31,13435.38,65093.0,54054.0,23738.0,86086.0,0.0,5266.5,5266.5,1882.31,13435.38,65093.0,0.97,0.77,0.89,0.65,2023AR_Silva & Son Dairy_8331 Excelsior Avenue_Kings.pdf,30.844256,31.769583680000004,6458915.210062401,659.0,59320.5,5266.5,0.0,25620.31,33321.57,0.0,99521.38,110434.95000000001,0.0,65093.0,316034.15,0.0,14217999.96,2.2012984375223956,6458915.210062401,6652682.666364274,2.2012984375223956,0.0,24.486979521483974,20.386979521483973,376050295.2,31482.163999999997,-376050295.2,-100.0,-100.0,,,,,
Mendes & Toste Dairy,23568 Fargo AVE Lemoore Kings 93245,325.0,25.0,0.0,0.0,0.0,0.0,,8495.07,65.0,0.0,111067.53,18596.56,0.0,158775.0,23925000.0,78125.42,0.0,0.0,449118.89,0.0,0.0,0.0,0.0,78125.42,78125.42,6780.71,77658.44,449118.89,1.16,0.71,1.12,1.06,2023AR_Mendes & Toste Dairy_23568 Fargo Avenue_Kings.pdf,29.48348,30.3679844,3879510.0071000005,350.0,78125.42,78125.42,0.0,6780.71,18596.56,0.0,77658.44,0.0,0.0,449118.89,607893.89,0.0,90565934.25,23.344683757549983,3879510.0071000005,3995895.307313001,23.344683757549983,0.0,24.27162857142857,20.17162857142857,219512608.79999998,18540.199999999997,-219512608.79999998,-100.0,-100.0,,,,,
Neves Dairy,16831 Jackson AVE Lemoore Kings 93245,360.0,40.0,30.0,45.0,12.0,0.0,,10205.35,61.0,0.0,130795.89,0.0,66814.64,178704.0,0.0,0.0,0.0,0.0,0.0,0.0,0.0,0.0,0.0,0.0,0.0,0.0,0.0,0.0,0.0,0.0,0.0,0.0,2023AR_Neves Dairy_16831 Jackson Ave_Kings.pdf,27.669112,28.49918536,4160881.0625599995,487.0,0.0,0.0,0.0,0.0,0.0,0.0,0.0,66814.64,0.0,0.0,178704.0,0.0,0.0,0.0,4160881.0625599995,4285707.4944368,0.0,0.0,23.794105771964745,19.694105771964743,263706244.0,22719.819999999996,-263706244.0,-100.0,-100.0,,,,,
—Sozinho Jerseys 2,5811 Lacey BLVD,898.0,102.0,71.0,82.0,25.0,0.0,,25122.74,61.0,226227.41,323182.02,53710.9,166665.41,446278.2,10944000.0,50466.62,5989.26,129623.12,499625.5,0.0,0.0,0.0,0.0,50466.62,50466.62,5989.26,129623.12,499625.5,0.82,0.19,0.99,1.35,2023AR_Sozinho Jerseys 2_5811 Lacey Boulevard_Kings.pdf,27.669112,28.49918536,10402202.6564,1178.0,50466.62,276694.03,0.0,5989.26,59700.16,0.0,129623.12,296288.53,0.0,499625.5,945903.7,0.0,41427527.04,3.982572577021611,10402202.6564,10714268.736092001,3.982572577021611,0.0,23.722532012897286,19.622532012897288,649171601.6,56098.64,-648945374.19,-99.96515136992402,303.2671915041078,,,,,
,17800 4th AVE,1208.0,135.0,268.0,247.0,0.0,0.0,,0.0,0.0,347337.32,496196.17,82394.79,236674.99,599830.05,64091006.0,223691.47,46566.21,485306.48,2515208.57,0.0,0.0,0.0,0.0,223691.47,223691.47,46566.21,485306.48,2515208.57,1.05,1.13,2.23,3.08,2023AR_Parreira & Gaspar Dairy_17800 4th Avenue_Kings.pdf,0.0,0.0,0.0,1858.0,223691.47,571028.79,0.0,46566.21,128961.0,0.0,485306.48,721981.47,0.0,2515208.57,3115038.62,0.0,242610735.02246,0.0,0.0,0.0,0.0,0.0,0.0,-4.1,0.0,81122.09599999999,347337.32,0.0,328.1661065562212,,,,,
Dover Dairy,4265 Dover AVE Hanford Kings 93230,2150.0,275.0,1115.0,540.0,475.0,505.0,,78916.2,68.0,680255.83,971794.04,157604.4,408919.74,1075563.75,54708748.0,182419.99,55244.2,294814.37,2131825.17,132354.72,50096.88,141631.92,0.0,182419.99,182419.99,55244.2,294814.37,2131825.17,1.17,1.64,1.79,1.87,2023AR_Dover Dairy_4265 Dover Avenue_Kings.pdf,30.844256,31.769583680000004,28120052.75476,5060.0,314774.70999999996,862675.82,0.0,105341.07999999999,212848.59999999998,0.0,436446.29000000004,703734.11,0.0,2131825.17,3207388.92,0.0,207095041.76668,7.364674724218792,28120052.75476,28963654.337402802,7.364674724218792,0.0,25.052761904761905,20.952761904761907,2039194608.0,166861.8,-2038514352.17,-99.96664095582976,307.67619071590985,,,,,
Dixie Creek Ranch,3601 Lacey Blvd. Hanford Kings 93230,6500.0,0.0,0.0,0.0,0.0,0.0,,174409.77,80.0,0.0,0.0,387395.35,0.0,0.0,30206388.0,0.0,0.0,316410.29,2308681.03,0.0,0.0,0.0,0.0,209533.95,209533.95,17192.97,316410.29,2308681.03,1.21,0.31,1.09,6.44,2023AR_Dixie Creek Ranch_3601 Lacey Boulevard_Kings.pdf,36.28736,37.3759808,88674514.448,6500.0,209533.95,0.0,0.0,17192.97,387395.35,0.0,316410.29,316410.29,0.0,2308681.03,2308681.03,0.0,114343563.19908,1.2894749287421552,88674514.448,91334749.88144,1.2894749287421552,0.0,26.832272307692307,22.732272307692305,4506748456.8,344317.99999999994,-4506748456.8,-100.0,-100.0,,,,,
Dutra & Dutra Dairy,7480 5th AVE Hanford Kings 93230,0.0,0.0,0.0,0.0,0.0,0.0,,0.0,0.0,123611.93,0.0,0.0,0.0,0.0,0.0,0.0,0.0,0.0,0.0,3827.76,1275.92,6161.76,0.0,8599.42,8599.42,1053.62,10384.52,57547.95,0.5,0.23,0.35,0.81,2023AR_Dutra & Dutra Dairy_7480 5th Avenue_Kings.pdf,0.0,0.0,0.0,0.0,12427.18,123611.93,0.0,2329.54,0.0,0.0,16546.28,0.0,0.0,57547.95,0.0,0.0,0.0,0.0,0.0,0.0,0.0,0.0,0.0,0.0,0.0,0.0,123611.93,0.0,0.0,,,,,
"DOUBLE ""N"" DAIRY",12700 EVERETT AVE HANFORDCA Kings 93230,935.0,0.0,0.0,0.0,0.0,0.0,,0.0,0.0,0.0,0.0,0.0,0.0,0.0,20950000.0,0.0,0.0,0.0,0.0,8640.0,4240.0,14740.0,415996.2,61716.64,61716.64,11790.01,78883.44,487054.05,1.29,1.04,1.12,2.58,2023AR_Double N Dairy_12700 Everett Avenue_Kings.pdf,0.0,0.0,0.0,935.0,70356.64,0.0,0.0,16030.01,0.0,0.0,93623.44,0.0,0.0,903050.25,0.0,0.0,79304339.5,0.0,0.0,0.0,0.0,0.0,0.0,-4.1,0.0,49528.81999999999,0.0,0.0,-100.0,,,,,
Joe B Pacheco Dairy,16025 6 1/2 AVE Hanford Kings 93230,0.0,0.0,0.0,0.0,0.0,0.0,,0.0,0.0,295348.73,0.0,0.0,0.0,0.0,0.0,0.0,0.0,0.0,0.0,0.0,0.0,0.0,0.0,168471.57,168471.57,15546.87,150928.53,816041.96,1.34,0.76,1.34,1.82,2023AR_Tony Cox Dairy #4_16025 6 1-2 Avenue_Kings.pdf,0.0,0.0,0.0,0.0,168471.57,295348.73,0.0,15546.87,0.0,0.0,150928.53,0.0,0.0,816041.96,0.0,0.0,0.0,0.0,0.0,0.0,0.0,0.0,0.0,0.0,0.0,0.0,295348.73,0.0,0.0,,,,,
_ Flatland Farms,8431 15th AVE Hanford Kings 93230,0.0,0.0,0.0,0.0,0.0,0.0,,0.0,0.0,244055.74,0.0,0.0,0.0,0.0,0.0,0.0,0.0,0.0,0.0,0.0,0.0,0.0,0.0,18285.62,18285.62,3208.37,23345.21,118194.99,1.23,1.26,1.5,1.59,"2023AR_Flatland Farms, LLC_8483 15th Avenue_Kings.pdf",0.0,0.0,0.0,0.0,18285.62,244055.74,0.0,3208.37,0.0,0.0,23345.21,0.0,0.0,118194.99,0.0,0.0,0.0,0.0,0.0,0.0,0.0,0.0,0.0,0.0,0.0,0.0,244055.74,0.0,0.0,,,,,
White River Dairy,20784 Laurel AVE Stratford Kings 93266,0.0,0.0,0.0,0.0,0.0,0.0,,0.0,0.0,191795.72,0.0,0.0,0.0,0.0,0.0,0.0,0.0,0.0,0.0,22429.87,4804.43,16317.78,206366.4,81869.71,81869.71,8357.02,81231.9,604733.78,0.9,1.75,1.54,3.79,2023AR_White River Dairy_20784 Laurel Avenue_Kings.pdf,0.0,0.0,0.0,0.0,104299.58,191795.72,0.0,13161.45,0.0,0.0,97549.68,0.0,0.0,811100.18,0.0,0.0,0.0,0.0,0.0,0.0,0.0,0.0,0.0,0.0,0.0,0.0,191795.72,0.0,0.0,,,,,
Bar E Dairy,6970 Corona AVE Kingsburg Kings 93631,969.0,148.0,0.0,0.0,0.0,0.0,,0.0,0.0,240150.38,0.0,0.0,0.0,0.0,7077000.0,59266.75,8529.81,85572.13,400093.1,0.0,0.0,0.0,0.0,59266.75,59266.75,8529.81,85572.13,400093.1,1.32,0.42,1.01,1.9,2023AR_Bar E Dairy_6740 Corona Avenue_Kings.pdf,0.0,0.0,0.0,1117.0,59266.75,299417.13,0.0,8529.81,8529.81,0.0,85572.13,85572.13,0.0,400093.1,400093.1,0.0,26789346.57,0.0,0.0,0.0,0.0,0.0,0.0,-4.1,0.0,59169.723999999995,240150.38,0.0,305.86699373483646,,,,,
,,0.0,0.0,0.0,0.0,0.0,0.0,,0.0,0.0,0.0,0.0,0.0,0.0,0.0,0.0,0.0,0.0,0.0,0.0,0.0,0.0,0.0,0.0,0.0,0.0,0.0,0.0,0.0,0.0,0.0,0.0,0.0,"2023AR_Jackson Dairy, LLC_8637 Jackson Avenue_Kings.pdf",0.0,0.0,0.0,0.0,0.0,0.0,0.0,0.0,0.0,0.0,0.0,0.0,0.0,0.0,0.0,0.0,0.0,0.0,0.0,0.0,0.0,0.0,0.0,0.0,0.0,0.0,0.0,0.0,0.0,,,,,
— Garcia & Sons Dairy,15315 17th Avenue Lemoore Kings 93245,40.0,0.0,70.0,40.0,0.0,0.0,,0.0,0.0,0.0,0.0,0.0,0.0,0.0,0.0,0.0,0.0,0.0,0.0,8776.01,2759.75,14847.46,193288.9,12270.39,12270.39,1172.74,10713.62,158100.1,1.06,0.82,1.35,2.8,2023AR_Garcia & Sons Dairy_15405 17th Avenue_Kings.pdf,0.0,0.0,0.0,150.0,21046.4,0.0,0.0,3932.49,0.0,0.0,25561.08,0.0,0.0,351389.0,0.0,0.0,0.0,0.0,0.0,0.0,0.0,0.0,0.0,-4.1,0.0,4250.68,0.0,0.0,-100.0,,,,,
Double N Dairy II,18104 Everett AVE Laton Kings 93242,815.0,100.0,0.0,0.0,125.0,50.0,,0.0,0.0,0.0,0.0,0.0,0.0,0.0,15425000.0,61176.09,8859.51,60553.28,403486.8,0.0,0.0,0.0,0.0,61176.09,61176.09,8859.51,60553.28,403486.8,1.3,1.26,1.17,2.33,2023AR_Double N Dairy ll_18104 Everett Avenue_Kings.pdf,0.0,0.0,0.0,1090.0,61176.09,61176.09,0.0,8859.51,8859.51,0.0,60553.28,60553.28,0.0,403486.8,403486.8,0.0,58389949.25,0.0,0.0,0.0,0.0,0.0,0.0,-4.1,0.0,49599.88,0.0,0.0,-100.0,,,,,
Antonio Garcia Dairy,6571 Fargo AVE Hanford Kings 93230,505.0,40.0,10.0,25.0,0.0,0.0,,13864.24,70.0,125991.92,179988.45,30198.51,96712.16,246977.25,16824000.0,52385.68,10801.48,65482.95,407419.59,33197.44,4679.36,6469.12,206348.8,52385.68,52385.68,10801.48,65482.95,407419.59,1.64,1.25,1.08,2.67,2023AR_Antonio Garcia Dairy_6571 Fargo Avenue_Kings.pdf,31.75144,32.703983199999996,6505639.858059999,580.0,85583.12,178377.6,0.0,15480.84,40999.99,0.0,71952.06999999999,162195.11,0.0,613768.39,654396.8400000001,0.0,63685737.84,9.789311924652294,6505639.858059999,6700809.053801799,9.789311924652294,0.0,24.854999562745956,20.754999562745958,358251961.59999996,29548.04,-358125969.67999995,-99.96483147798067,326.3968777624506,,,,,
—Sozinho Jerseys,4615 Excelsior AVE Hanford Kings 93230,0.0,0.0,0.0,0.0,0.0,0.0,,0.0,0.0,272985.21,0.0,0.0,0.0,0.0,0.0,0.0,0.0,0.0,0.0,0.0,0.0,0.0,0.0,205629.76,205629.76,17942.41,148048.31,892762.62,1.19,0.56,0.67,1.2,2023AR_Sozinho Jerseys Dairy_4615 Excelsior Avenue_Kings.pdf,0.0,0.0,0.0,0.0,205629.76,272985.21,0.0,17942.41,0.0,0.0,148048.31,0.0,0.0,892762.62,0.0,0.0,0.0,0.0,0.0,0.0,0.0,0.0,0.0,0.0,0.0,0.0,272985.21,0.0,0.0,,,,,
Santa Anita Dairy,4356 Kansas AVE,338.0,32.0,53.0,60.0,26.0,0.0,,0.0,0.0,0.0,0.0,0.0,0.0,0.0,0.0,25.0,5.0,57.0,288.0,0.0,0.0,0.0,0.0,25934.05,25934.05,5653.61,57049.95,288778.99,1.27,1.17,2.17,3.0,2023AR_Santa Anita Dairy_4356 Kansas Avenue_Kings.pdf,0.0,0.0,0.0,509.0,25934.05,25.0,0.0,5653.61,5.0,0.0,57049.95,57.0,0.0,288778.99,288.0,0.0,0.0,0.0,0.0,0.0,0.0,0.0,0.0,-4.1,0.0,21957.54,0.0,0.0,-100.0,,,,,
—LU/AR Dairy,6121 15th AVE Hanford Kings 93230,1000.0,0.0,0.0,0.0,0.0,0.0,,25651.5,70.0,234766.07,335380.1,56777.83,191509.23,470850.0,24740000.0,125419.22,16112.8,143567.3,840107.34,258056.55,87902.14,202854.08,2805593.4,125419.22,125419.22,16112.8,143567.3,840107.34,0.74,1.42,1.19,1.63,2023AR_Lu-Ar Dairy_6121 15th Ave_Kings.pdf,31.75144,32.703983199999996,11936953.867999999,1000.0,383475.77,360185.29000000004,0.0,104014.94,72890.63,0.0,346421.38,335076.53,0.0,3645700.7399999998,1310957.3399999999,0.0,93651043.4,7.845472507944857,11936953.867999999,12295062.48404,7.845472507944857,0.0,25.6515,21.551499999999997,662834760.0,52972.0,-662599993.93,-99.96458150897215,343.1889866344484,,,,,
Mattos Bro. #4,4555 Kansas AVE Hanford Kings 93230,0.0,0.0,0.0,596.0,0.0,0.0,,0.0,0.0,0.0,0.0,0.0,0.0,0.0,0.0,0.0,0.0,0.0,0.0,0.0,0.0,0.0,0.0,0.0,0.0,0.0,0.0,0.0,0.0,0.0,0.0,0.0,2023AR_Mattos Dairy #4_4555 Kansas Ave_Kings.pdf,0.0,0.0,0.0,596.0,0.0,0.0,0.0,0.0,0.0,0.0,0.0,0.0,0.0,0.0,0.0,0.0,0.0,0.0,0.0,0.0,0.0,0.0,0.0,-4.1,0.0,11550.480000000001,0.0,0.0,-100.0,,,,,
Joaquim Mattos & Family Dairy,4790 Kansas AVE Hanford Kings 93230,1041.0,0.0,0.0,0.0,0.0,0.0,,0.0,0.0,315083.69,0.0,0.0,0.0,0.0,21536000.0,80837.0,14161.32,115564.36,734166.0,54296.32,13845.65,49348.05,1464140.41,80837.0,80837.0,14161.32,115564.36,734166.0,1.26,1.45,1.16,5.58,2023AR_Joaquim Mattos & Family Dairy_4790 Kansas Avenue_Kings.pdf,0.0,0.0,0.0,1041.0,135133.32,395920.69,0.0,28006.97,14161.32,0.0,164912.41,115564.36,0.0,2198306.41,734166.0,0.0,81522589.76,0.0,0.0,0.0,0.0,0.0,0.0,-4.1,0.0,55143.85199999999,315083.69,0.0,471.38498413204803,,,,,
Phoenix Dairy,10736 1 1/2 Avenue Hanford Kings 93230,590.0,1085.0,400.0,0.0,0.0,0.0,,0.0,0.0,0.0,0.0,0.0,0.0,0.0,0.0,100.0,14.0,173.0,958.0,0.0,0.0,0.0,0.0,100384.24,100384.24,14887.79,173782.21,958970.35,1.25,0.73,1.92,2.64,2023AR_Phoenix Dairy_10736 1 1-2 Avenue_Kings.pdf,0.0,0.0,0.0,2075.0,100384.24,100.0,0.0,14887.79,14.0,0.0,173782.21,173.0,0.0,958970.35,958.0,0.0,0.0,0.0,0.0,0.0,0.0,0.0,0.0,-4.1,0.0,96480.1,0.0,0.0,-100.0,,,,,
J.D. Mello Dairy,15609 Grangeville BLVD Hanford Kings 93230,980.0,0.0,0.0,0.0,0.0,0.0,,0.0,0.0,0.0,0.0,0.0,0.0,0.0,0.0,0.0,0.0,0.0,0.0,37560.0,14000.0,76560.0,967432.56,135409.91,135409.91,14903.37,132595.2,760129.28,1.34,1.11,1.18,2.54,2023AR_JD Mello Dairy_15609 Grangeville Boulevard_Kings.pdf,0.0,0.0,0.0,980.0,172969.91,0.0,0.0,28903.370000000003,0.0,0.0,209155.2,0.0,0.0,1727561.84,0.0,0.0,0.0,0.0,0.0,0.0,0.0,0.0,0.0,-4.1,0.0,51912.55999999999,0.0,0.0,-100.0,,,,,
Sierra Blanca Ranch #2,15010 5th AVE Hanford Kings 93230,1.0,0.0,123.0,107.0,0.0,0.0,,0.0,0.0,0.0,0.0,0.0,0.0,0.0,0.0,0.0,0.0,0.0,0.0,0.0,0.0,0.0,0.0,0.0,0.0,0.0,0.0,0.0,0.0,0.0,0.0,0.0,2023AR_Sierra Blanca Ranch #2_15010 5th Avenue_Kings.pdf,0.0,0.0,0.0,231.0,0.0,0.0,0.0,0.0,0.0,0.0,0.0,0.0,0.0,0.0,0.0,0.0,0.0,0.0,0.0,0.0,0.0,0.0,0.0,-4.1,0.0,4510.372,0.0,0.0,-100.0,,,,,
Over the Moon Dairy,9455 2nd Avenue Hanford Kings 93230,234.0,29.0,44.0,0.0,0.0,0.0,,0.0,0.0,0.0,0.0,0.0,0.0,0.0,0.0,0.0,0.0,0.0,0.0,48523.44,17760.54,48833.06,0.0,22579.33,22579.33,5010.17,30851.63,198363.4,1.3,1.54,0.93,2.56,2023AR_Over The Moon Dairy_9455 Second Avenue_Kings.pdf,0.0,0.0,0.0,307.0,71102.77,0.0,0.0,22770.71,0.0,0.0,79684.69,0.0,0.0,198363.4,0.0,0.0,0.0,0.0,0.0,0.0,0.0,0.0,0.0,-4.1,0.0,14784.356,0.0,0.0,-100.0,,,,,
Henry Veenendaal Dairy L.P.,3678 Houston Ave. Hanford Kings 93230,0.0,0.0,0.0,0.0,0.0,0.0,,0.0,0.0,275375.87,0.0,0.0,0.0,0.0,39815000.0,132760.91,15170.68,86881.27,637802.38,22200.0,3000.0,11400.0,138000.0,132760.91,132760.91,15170.68,86881.27,637802.38,1.14,0.58,0.54,1.13,2023AR_Henry Veenendaal Dairy_3678 Houston Avenue_Kings.pdf,0.0,0.0,0.0,0.0,154960.91,408136.78,0.0,18170.68,15170.68,0.0,98281.27,86881.27,0.0,775802.38,637802.38,0.0,150716099.15,0.0,0.0,0.0,0.0,0.0,0.0,0.0,0.0,0.0,275375.87,0.0,0.0,,,,,
Paulo Bros Dairy,13245 9th AVE Hanford Kings 93230,0.0,0.0,0.0,0.0,0.0,0.0,,1.0,1.0,0.7,1.0,1.0,1.0,0.0,0.0,0.0,0.0,0.0,0.0,0.0,0.0,0.0,0.0,0.0,0.0,0.0,0.0,0.0,1.03,0.0,0.0,1.9,2023AR_P&E #2 Dairy_13245 9th Avenue_Kings.pdf,0.453592,0.46719976,0.0,0.0,0.0,0.7,0.0,0.0,1.0,0.0,0.0,1.0,0.0,0.0,0.0,0.0,0.0,0.0,0.0,0.0,0.0,0.0,0.0,0.0,25840.0,0.0,-25839.3,-99.99729102167181,0.0,,,,,
Flint Dairy,6511 Flint Ave. Hanford Kings 93230,2390.0,295.0,455.0,0.0,0.0,0.0,,81409.12,91.0,0.0,0.0,0.0,0.0,0.0,63894000.0,0.0,0.0,441062.82,2084719.28,0.0,0.0,0.0,0.0,419209.26,419209.26,47799.82,413931.34,1960341.39,1.28,0.5,0.86,1.28,2023AR_Flint Dairy_6511 Flint Avenue_Kings.pdf,41.276872,42.51517816,41665937.476254,3140.0,419209.26,0.0,0.0,47799.82,0.0,0.0,413931.34,441062.82,0.0,1960341.39,2084719.28,0.0,241864986.54000002,5.8048612653403575,41665937.476254,42915915.60054162,5.8048612653403575,0.0,28.549943717389443,24.449943717389445,2103611660.7999997,151047.72,-2103611660.7999997,-100.0,-100.0,,,,,
Mello D Jerseys,14803 Grangeville BLVD Hanford Kings 93230,0.0,0.0,0.0,0.0,0.0,0.0,,0.0,0.0,217431.99,0.0,0.0,0.0,0.0,0.0,0.0,0.0,0.0,0.0,0.0,0.0,0.0,0.0,160581.19,160581.19,9255.18,110808.69,694653.41,1.16,0.44,0.79,1.44,2023AR_Mello D Jerseys_14803 Grangeville Boulevard_Kings.pdf,0.0,0.0,0.0,0.0,160581.19,217431.99,0.0,9255.18,0.0,0.0,110808.69,0.0,0.0,694653.41,0.0,0.0,0.0,0.0,0.0,0.0,0.0,0.0,0.0,0.0,0.0,0.0,217431.99,0.0,0.0,,,,,
F&S Brasil,14315 Kent AVE Hanford Kings 93230,0.0,0.0,0.0,0.0,0.0,0.0,,0.0,0.0,0.0,0.0,0.0,0.0,0.0,59417684.0,166501.91,56146.17,354388.77,1640747.48,0.0,0.0,0.0,0.0,166501.91,166501.91,56146.17,354388.77,1640747.48,1.32,1.99,1.68,1.79,2023AR_F&S Brasil Dairy_14235 Kent Avenue_Kings.pdf,0.0,0.0,0.0,0.0,166501.91,166501.91,0.0,56146.17,56146.17,0.0,354388.77,354388.77,0.0,1640747.48,1640747.48,0.0,224920295.19044,0.0,0.0,0.0,0.0,0.0,0.0,0.0,0.0,0.0,0.0,0.0,0.0,,,,,
Jaques & Silva Dairy,10536 6th AVE Hanford Kings 93230,0.0,0.0,0.0,0.0,0.0,0.0,,0.0,0.0,346505.66,0.0,0.0,0.0,0.0,0.0,0.0,0.0,0.0,0.0,0.0,0.0,0.0,0.0,183645.83,183645.83,14220.44,1028887.09,1001317.55,1.2,0.49,4.95,1.47,2023AR_Jaques & Silva Dairy_10256 6th Avenue_Kings.pdf,0.0,0.0,0.0,0.0,183645.83,346505.66,0.0,14220.44,0.0,0.0,1028887.09,0.0,0.0,1001317.55,0.0,0.0,0.0,0.0,0.0,0.0,0.0,0.0,0.0,0.0,0.0,0.0,346505.66,0.0,0.0,,,,,
Eden-Vale Dairy,6944 21 1/2 AVE Lemoore Kings 93245,0.0,0.0,0.0,0.0,0.0,0.0,,0.0,0.0,0.0,0.0,0.0,0.0,0.0,0.0,0.0,0.0,0.0,0.0,0.0,0.0,0.0,0.0,0.0,0.0,0.0,0.0,0.0,0.0,0.0,0.0,0.0,2023AR_Eden-Vale Dairy_6944 21 1-2 Avenue_Kings.pdf,0.0,0.0,0.0,0.0,0.0,0.0,0.0,0.0,0.0,0.0,0.0,0.0,0.0,0.0,0.0,0.0,0.0,0.0,0.0,0.0,0.0,0.0,0.0,0.0,0.0,0.0,0.0,0.0,0.0,,,,,
Tony Cox Dairy #3,15410 Excelsior AVE Hanford Kings 93230,0.0,0.0,0.0,0.0,0.0,0.0,,0.0,0.0,127446.67,0.0,0.0,0.0,0.0,0.0,0.0,0.0,0.0,0.0,0.0,0.0,0.0,0.0,185544.08,185544.08,9601.91,117304.0,807737.75,0.99,0.3,0.51,1.05,2023AR_Tony Cox Family Dairy #3_15410 Excelsior Avenue_Kings.pdf,0.0,0.0,0.0,0.0,185544.08,127446.67,0.0,9601.91,0.0,0.0,117304.0,0.0,0.0,807737.75,0.0,0.0,0.0,0.0,0.0,0.0,0.0,0.0,0.0,0.0,0.0,0.0,127446.67,0.0,0.0,,,,,
Georgeson Dairy,8519 24th AVE Lemoore Kings 93245,1225.0,115.0,300.0,250.0,250.0,0.0,,39052.18,67.0,343811.29,491158.98,81022.69,232184.33,603235.5,19565000.0,64373.94,7197.68,54393.7,323486.0,0.0,0.0,0.0,0.0,64373.94,64373.94,7197.68,54393.7,323486.0,1.2,0.71,0.62,0.99,2023AR_Georgenson Dairy_8519 24th Avenue_Kings.pdf,30.390664,31.30238392,15309995.975272002,2140.0,64373.94,408185.23,0.0,7197.68,88220.37,0.0,54393.7,286578.02999999997,0.0,323486.0,926721.5,0.0,74061546.65,4.837463495720103,15309995.975272002,15769295.854530161,4.837463495720103,0.0,24.84697982619491,20.74697982619491,1009108331.2,83256.48,-1008764519.9100001,-99.9659291991385,312.954391057609,,,,,
,18280 Fairfax AVE,500.0,75.0,105.0,175.0,70.0,5.0,,0.0,0.0,0.0,0.0,0.0,0.0,0.0,0.0,102.0,32435.63,191645.38,805215.36,25628.46,12022.08,27399.15,296358.19,102462.77,102462.77,32435.63,191645.38,805215.36,1.26,1.83,1.86,2.31,2023AR_Daniel Brazil Dairy_18280 Fairfax Avenue_Kings.pdf,0.0,0.0,0.0,930.0,128091.23000000001,102.0,0.0,44457.71,32435.63,0.0,219044.53,191645.38,0.0,1101573.55,805215.36,0.0,0.0,0.0,0.0,0.0,0.0,0.0,0.0,-4.1,0.0,36369.8,0.0,0.0,-100.0,,,,,
_ Felicita Dairy,22154 Road 20 Tulare Kings 93274,0.0,0.0,0.0,0.0,0.0,0.0,,0.0,0.0,0.0,0.0,0.0,0.0,0.0,12325500.0,45077.33,6992.25,56276.03,315582.95,77529.4,17987.6,112955.3,0.0,45077.33,45077.33,6992.25,56276.03,315582.95,0.77,0.31,0.47,1.94,2023AR_Felicita Dairy_22154 Road 20_Kings.pdf,0.0,0.0,0.0,0.0,122606.73,45077.33,0.0,24979.85,6992.25,0.0,169231.33000000002,56276.03,0.0,315582.95,315582.95,0.0,46657070.955000006,0.0,0.0,0.0,0.0,0.0,0.0,0.0,0.0,0.0,0.0,0.0,0.0,,,,,
Sunshine Dairy (Anthony & Robert Brazil Dairy),13113 7th AVE Hanford Kings 93230,330.0,50.0,200.0,150.0,0.0,0.0,,12840.21,68.0,109442.33,156346.19,25683.12,62764.42,166878.0,44028000.0,100853.27,10664.49,61299.24,369800.33,109650.0,38335.0,196775.0,3898309.87,100853.27,100853.27,10664.49,61299.24,369800.33,1.26,1.45,1.31,5.15,2023AR_Anthony & Robert Brazil Dairy-Sunshine Dairy_13419 7th Avenue_Kings.pdf,30.844256,31.769583680000004,4406441.256416,730.0,210503.27000000002,210295.6,0.0,48999.49,36347.61,0.0,258074.24,124063.66,0.0,4268110.2,536678.3300000001,0.0,166664031.48000002,37.822819318725465,4406441.256416,4538634.49410848,37.822819318725465,0.0,25.27357705232837,21.17357705232837,331791026.4,26912.36,-331681584.07,-99.96701468053931,306.6619575540755,,,,,
J&D Wilson Dairy #2,23565 Grangeville BLVD Lemoore Kings 93230,0.0,0.0,0.0,0.0,0.0,0.0,,0.0,0.0,427137.63,0.0,0.0,0.0,0.0,0.0,0.0,0.0,0.0,0.0,22819.0,12250.2,52363.6,1187237.5,165470.59,165470.59,9607.8,55104.16,429728.47,1.04,0.84,0.52,3.43,2023AR_J&D Wilson Dairy #2_23535 Grangeville Boulevard_Kings.pdf,0.0,0.0,0.0,0.0,188289.59,427137.63,0.0,21858.0,0.0,0.0,107467.76000000001,0.0,0.0,1616965.97,0.0,0.0,0.0,0.0,0.0,0.0,0.0,0.0,0.0,0.0,0.0,0.0,427137.63,0.0,0.0,,,,,
Alvaro Machado Dairy,5230 9th Ave AVE Hanford Kings 93230,865.0,130.0,290.0,295.0,145.0,0.0,,0.0,0.0,0.0,0.0,0.0,0.0,0.0,0.0,83.0,17.0,0.0,0.0,0.0,0.0,0.0,0.0,83010.39,83010.39,17373.75,239077.96,947739.13,1.27,1.13,3.02,2.59,2023AR_Alvaro Machado Dairy_5230 9th Avenue_Kings.pdf,0.0,0.0,0.0,1725.0,83010.39,83.0,0.0,17373.75,17.0,0.0,239077.96,0.0,0.0,947739.13,0.0,0.0,0.0,0.0,0.0,0.0,0.0,0.0,0.0,-4.1,0.0,64981.14,0.0,0.0,-100.0,,,,,
,,0.0,0.0,0.0,0.0,0.0,0.0,,0.0,0.0,0.0,0.0,0.0,0.0,0.0,0.0,0.0,0.0,0.0,0.0,0.0,0.0,0.0,0.0,0.0,0.0,0.0,0.0,0.0,0.0,0.0,0.0,0.0,2023AR_Log Haven Dairy_7755 Fargo Ave_Kings.pdf,0.0,0.0,0.0,0.0,0.0,0.0,0.0,0.0,0.0,0.0,0.0,0.0,0.0,0.0,0.0,0.0,0.0,0.0,0.0,0.0,0.0,0.0,0.0,0.0,0.0,0.0,0.0,0.0,0.0,,,,,
Fagundes Agribusiness Dairy,7546 8-1/2 AVE Hanford Kings 93230,1.0,0.0,0.0,0.0,0.0,0.0,,0.0,0.0,0.0,0.0,0.0,0.0,0.0,0.0,0.0,0.0,0.0,0.0,0.0,0.0,0.0,0.0,0.0,0.0,0.0,0.0,0.0,1.12,0.43,0.48,0.48,2023AR_Fagundes Agribusiness Dairy_7546 8 1-2 Avenue_Kings.pdf,0.0,0.0,0.0,1.0,0.0,0.0,0.0,0.0,0.0,0.0,0.0,0.0,0.0,0.0,0.0,0.0,0.0,0.0,0.0,0.0,0.0,0.0,0.0,-4.1,0.0,52.971999999999994,0.0,0.0,-100.0,,,,,
Lone Oak Farms 1,13866 4th AVE Hanford Kings 93230,4855.0,280.0,2515.0,1250.0,960.0,1115.0,,177021.45,75.0,0.0,2179950.4,0.0,0.0,2350362.75,245236315.0,902169.45,0.0,1010423.32,8358139.33,0.0,0.0,0.0,0.0,902169.45,902169.45,88893.41,1010423.32,8358139.33,1.13,0.49,1.23,2.1,2023AR_Lone Oak Farms Dairy #1_13866 4th Avenue_Kings.pdf,34.0194,35.039981999999995,65674562.26304999,10975.0,902169.45,902169.45,0.0,88893.41,0.0,0.0,1010423.32,1010423.32,0.0,8358139.33,10708502.08,0.0,928319999.16415,14.135153203547793,65674562.26304999,67644799.1309415,14.135153203547793,0.0,26.16536384447609,22.06536384447609,4574234268.0,358381.42,-4574234268.0,-100.0,-100.0,,,,,
Four Star Dairy,22401 20 RD Tulare Tulare 93274,2390.0,280.0,390.0,280.0,284.0,0.0,,73218.85,71.0,654094.84,934421.2,154904.98,459277.28,1189717.5,25382700.0,99351.58,16625.04,119032.19,767371.74,143453.7,50266.66,95877.55,86151.6,99351.58,99351.58,16625.04,119032.19,767371.74,0.97,1.12,0.65,0.71,2023AR_Four Star Dairy_18886 4th Ave_Kings.pdf,32.205032,33.17118296,32326976.353668004,3624.0,242805.28000000003,753446.4199999999,0.0,66891.70000000001,171530.02000000002,0.0,214909.74,578309.47,0.0,853523.34,1957089.24,0.0,96083926.407,2.9722521944461957,32326976.353668004,33296785.644278046,2.9722521944461957,0.0,24.8220014056557,20.722001405655703,1891975084.0,156254.48,-1891320989.16,-99.96542793583639,318.60869525148973,,,,,
Sozinho Dairy 45,7205 Houston AVE Hanford Kings 93230,1085.0,85.0,200.0,185.0,200.0,200.0,,0.0,67.0,0.0,431381.74,0.0,205648.98,530418.0,32965000.0,135808.76,18084.58,105268.76,0.0,0.0,0.0,0.0,0.0,135808.76,135808.76,18084.58,105268.76,726027.6,1.32,0.94,0.84,1.55,2023AR_Sozinho Dairy #5_7205 Houston Avenue_Kings.pdf,30.390664,31.30238392,13367683.053035999,1955.0,135808.76,135808.76,0.0,18084.58,18084.58,0.0,105268.76,310917.74,0.0,726027.6,530418.0,0.0,124786040.65,9.334904198050928,13367683.053035999,13768713.54462708,9.334904198050928,0.0,0.0,-4.1,0.0,72022.54,0.0,0.0,-100.0,,,,,
Contente & Company,7900 15th Ave Hanford Kings 93230,810.0,110.0,140.0,120.0,130.0,140.0,,0.0,0.0,0.0,0.0,0.0,0.0,0.0,15199175.0,46833.44,14137.96,111397.52,363549.1,53073.41,16468.16,59230.65,703875.44,46833.44,46833.44,14137.96,111397.52,363549.1,0.58,1.08,0.91,1.8,2023AR_Contente & Company Dairy_7900 15th Avenue_Kings.pdf,0.0,0.0,0.0,1450.0,99906.85,46833.44,0.0,30606.12,14137.96,0.0,170628.17,111397.52,0.0,1067424.54,363549.1,0.0,57535109.03675,0.0,0.0,0.0,0.0,0.0,0.0,-4.1,0.0,55517.24,0.0,0.0,-100.0,,,,,
