Source PDF,Manifest Number,Start Page,End Page,Origin Dairy Name,Origin Dairy Address,Origin Dairy Latitude (Geocoded),Origin Dairy Longitude (Geocoded),Destination Address Final,Destination Address Final Source,Destination Type (Standardized),Destination Latitude (Geocoded),Destination Longitude (Geocoded),First Haul Date,Last Haul Date,Is Pipeline,Is Trucked,Wastewater Volume per Haul (Gallons),Wastewater Number of Hauls,Wastewater Hours Pumped (Hours),Wastewater Pumping Rate (GPM),Total Process Wastewater Exports (Gallons),"Number of <8,000 gal Hauls for Analysis","Number of >=8,000 gal Hauls for Analysis",origin_dest_miles
1007 S Hart Rd Modesto 2024 Dairy AR,6,81,82,Frank Gwerder Dairy Inc.,1007 S. Hart Rd. Modesto 95358,37.62778144685,-121.124126567097,012-052-008,Destination Assessor Parcel Number,Other,33.303313,-115.959575,,2024-10-24,False,True,9500.0,60.0,,,570000.0,0,60,416.66302023888045
1007 S Hart Rd Modesto 2024 Dairy AR,7,83,84,Frank Gwerder Dairy Inc.,1007 S. Hart Rd. Modesto 95358,37.62778144685,-121.124126567097,017-065-012,Destination Assessor Parcel Number,Other,37.621627,-121.143367,,2024-11-04,False,True,9500.0,100.0,,,950000.0,0,100,1.1375562899595546
1500 Fulkerth Rd Crows Landing 2024 Dairy AR,15,43,44,Alamo Dairy,1500 W. Fulkerth Rd. Crowslanding 95313,37.505571622171,-121.013470944489,"058-001-015,022-037-004,058-002-003",Destination Assessor Parcel Number,Other,37.491439,-121.041676,2024-11-13,2024-11-15,False,True,10000.0,,,,2220000.0,0,222,1.830759881805913
2743 Baker Rd Modesto 2024 Dairy AR,3,73,74,Diamond O Dairy,2743 Baker Road Modesto CA 95358,37.599320024065,-121.094649425286,017-037-005,Destination Assessor Parcel Number,Other,37.603472,-121.097399,,2024-09-25,False,True,9500.0,17.0,,,161500.0,0,17,0.32365724472992263
3449 Paradise Rd Modesto 2024 Dairy AR,2,54,55,Furtado Farms,3449 Paradise Road Modesto CA 95358,37.609516525459,-121.057328666121,"017-054-026,017-054-45",Destination Assessor Parcel Number,Other,37.607159,-121.077789,,2024-11-04,False,True,9500.0,150.0,,,1425000.0,0,150,1.1342804452375295
5000 W Keyes Rd Modesto 2024 Dairy AR,11,35,36,Alamo Farms,5000 Keyes Rd. Modesto 95358,37.545854462099,-121.087299669668,"022-002-050,017-062-047,017-062-048,022-003-009,058-001-013,058-001-014,058-001-003",Destination Assessor Parcel Number,Other,37.707363,-122.482716,2024-10-30,2024-11-04,False,True,,,,,4780000.0,0,478,77.3469836499667
5817 E Worden Ave Merced 2024 Dairy AR,1,109,110,Double B Dairy,5817 E Worden Ave Merced Merced 95340,37.236077174189,-120.383204128772,602 E Sandy Mush Rd M 95341 Merced,Destination Address,Farmer,37.187149281235,-120.477986186965,,2024-08-02,False,True,,,,,3980500.0,0,398,6.222065978748737
6555 Blue Gum Rd Modeso 2024 Dairy AR,8,61,62,Double & Dairy,6555 Blue Gum Ave. Modesto 95358,37.660727062105,-121.114318315459,012-028-053,Destination Assessor Parcel Number,Other,34.450579,-119.739451,,2024-10-24,False,True,9500.0,60.0,,,570000.0,0,60,234.3252538395496
6624 Crane Rd Oakdale 2024 Dairy AR,2,22,23,Crane Villa,6624 Crane Road Oakdale CA 95361,37.734875263523,-120.880931681432,063-027-002,Destination Assessor Parcel Number,Other,37.738219,-120.874174,,2024-05-17,False,True,9500.0,40.0,,,380000.0,0,40,0.43608865342923775
10213 W Main St Turlock 2024 Dairy AR,9,170,171,Robert Goletti + Sons Dairy,10213 W. Main St. Turlock 95380,37.493113389934,-120.96564380497,058-018-001,Destination Assessor Parcel Number,Other,38.081455,-120.556998,,2024-09-11,False,True,9500.0,2.0,,,650750.0,0,2,46.33257368863053
12530 Warnerville Rd Oakdale 2024 Dairy AR,2,70,71,Cross View Dairy,12530 Warnerville Road. Oakdale CA 95361,37.737204971601,-120.764462622239,010-020-018,Destination Assessor Parcel Number,Other,33.316516,-115.956004,,2024-05-01,False,True,,,,,1200000.0,0,120,407.6947281308979
12997 E Peltier Rd Acampo 2024 Dairy AR,8,73,74,Silva Brothers Dairy #1,12997 E. Peltier Road Acampo CA 95220,38.192345331513,-121.157779405433,"007-280-29,007-280-30",Destination Assessor Parcel Number,Other,33.744888,-117.899511,2024-06-24,2024-07-01,False,True,,,,,4187310.0,0,419,356.83136127601955
14903 S Volta Rd Los Banos 2024 Dairy AR,1,32,33,Ivy Star Dairy Llc,14903 Volta Rd Los Banos Merced 93635,37.071781268842,-120.928324051634,720 Jefferson Ave Los Banos 93635 Merced,Destination Address,Farmer,37.054165422979,-120.846201632686,,2024-04-30,False,True,10000.0,282.0,,,2820000.0,0,282,4.698148403692948
19325 E Lone Tree Rd Escalon 2024 Dairy AR,2,21,22,Doornenbal Dairy #3,19325 Lone Tree Road Escalon CA 95320,37.827766490089,-121.074046623462,205-060-07,Destination Assessor Parcel Number,Other,37.749662,-121.850436,,2024-04-01,False,True,8400.0,100.0,,,840000.0,0,100,42.83386914063674
"20326 Johnson Ave, Hilmar 2024 Dairy AR",13,59,60,Gold Medal Ag Llc #2,20326 Johnson Ave Hilmar Merced 95324,37.433340184494,-120.856819756446,3605 Soderquist Ave Turlock 95380 Stanislaus,Destination Address,Broker,37.459491330418,-120.862825255348,,2024-09-27,False,True,,,,,570000.0,0,57,1.8334556587655138
22426 E Monte Vista Ave Denair 2024 Dairy AR,1,41,42,Sierra Vista Dairy,22426 E. Monte Vista Ave. Denaiir 95316,37.520565061076,-120.62907438174,042-150-062,Destination Assessor Parcel Number,Other,37.530947,-122.305974,,2024-11-12,False,True,9500.0,247.0,,,2346500.0,0,247,92.10719551446566
22426 E Monte Vista Ave Denair 2024 Dairy AR,2,43,44,Sierra Vista Dairy,22426 E. Monte Vista Ave. Denaiir 95316,37.520565061076,-120.62907438174,042-020-025,Destination Assessor Parcel Number,Other,36.857866,-120.440422,,2024-11-12,False,True,9500.0,55.0,,,522500.0,0,55,46.87031207605167
22426 E Monte Vista Ave Denair 2024 Dairy AR,3,45,46,Sierra Vista Dairy,22426 E. Monte Vista Ave. Denaiir 95316,37.520565061076,-120.62907438174,,,Other,,,,2024-11-12,False,True,9500.0,41.0,,,389500.0,0,41,
22759 S Mercy Springs Rd Los Banos 2024 Dairy AR,1,59,60,Teixeira & Sons (Formerly John & Nicole Santos Dairy),22759 S Mercey Springs Rd Los Banos Merced 93635,36.957177099286,-120.839305222425,Los Banos 93635 Mercy Springs Merced,Destination Address,Farmer,37.115572851786,-120.834801599578,,2024-01-01,False,True,10000.0,370.0,,,3700000.0,0,370,10.92560768775725
24065 E Arthur Rd Escalon 2024 Dairy AR,1,48,49,R&S Dairy,24065 E. Arthur Road Escalon CA 95320,37.8133004,-121.0144209,229-070-09,Destination Assessor Parcel Number,Other,33.945546,-117.391368,2024-05-01,2024-05-05,False,True,,,,,2400000.0,0,240,335.2485522392746
