template_key,template_name,keywords,page_count
provost_pritchard_manifest,Provost Pritchard Manifest,provost|pritchard,2
ucanr,UCANR Manifest,CDQAP,2
CAG018001,CAG018001,CAG018001,1
R5-2017-0000_general_order,R5 Manifest from general order R5-2013-0122,2017-,2
R5-2013-0122_general_order,R5 Manifest from general order R5-2013-0122,2013-|Attachment G,2
R5-2010-XXXX_general_order,R5 Manifest from general order R5-2007-0035,2010-|Attachment G,2
R5-2007-0035_software,R5 Manifest from software referencing R5-2007-0035,2007-0035&&MANURE AMOUNT HAULED|WASTEWATER AMOUNT HAULED,2
R5-2007-0035_general_order,R5 Manifest from general order R5-2007-0035,2007-0035,2
R5-2007-0035_one_page_2,One Page R5 Manifest for R5-2007-0035,waste generator,1
R5-2007-0035_one_page_1,One Page R5 Manifest for R5-2007-0035,certification,1

