Origin Dairy Name,Origin Dairy Address,Origin Dairy Latitude (Geocoded),Origin Dairy Longitude (Geocoded),Destination Address Final,Destination Address Final Source,Destination Type (Standardized),Destination Latitude (Geocoded),Destination Longitude (Geocoded),First Haul Date,Last Haul Date,Is Pipeline,Wastewater Volume per Haul (Gallons),Wastewater Number of Hauls,Wastewater Hours Pumped (Hours),Wastewater Pumping Rate (GPM),Total Process Wastewater Exports (Gallons),Estimated Number of 10k-gallon Hauls,Estimated Number of 20k-gallon Hauls
Aj Slenders Dai,625 E Coleman Ave Laton Fresno 93242,36.46715430605,-119.782800820785,Laton 93242 2G-1 2G-2 2G-3 Fresno,Destination Address,Farmer,,,,2024-07-30,False,,,,,5420000.0,542,0
Aj Slenders Dai,625 E Coleman Ave Laton Fresno 93242,36.46715430605,-119.782800820785,Laton 93242 2G-1 2G-2 2G-3 Fresno,Destination Address,Farmer,,,,2024-05-10,False,,,,,6642000.0,664,0
Aj Slenders Dai,625 E Coleman Ave Laton Fresno 93242,36.46715430605,-119.782800820785,Laton 93242 2G-1 2G-2 2G-3 Fresno,Destination Address,Farmer,,,,2024-02-17,False,,,,,5400000.0,540,0
Black Diamond Dai,18541 S Fruit Ave Riverdale Fresno 93656,36.463649173483,-119.829910090114,Riverdale 93656 Fruit Fresno,Destination Address,Farmer,36.438315206411,-119.812750275793,,2024-02-25,False,,,,,6400000.0,640,0
Black Diamond Dairy,18541 S Fruit Ave Riverdale Fresno 93656,36.463649173483,-119.829910090114,Riverdale 93656 Fruit Fresno,Destination Address,Farmer,36.438315206411,-119.812750275793,,2024-05-10,False,,,,,6250000.0,625,0
Black Diamond Dai,18541 S Fruit Ave Riverdale Fresno 93656,36.463649173483,-119.829910090114,Riverdale 93656 Fruit Fresno,Destination Address,Farmer,36.438315206411,-119.812750275793,,2024-10-10,False,,,,,2519000.0,252,0
Black Diamond Dairy,18541 S Fruit Ave Riverdale Fresno 93656,36.463649173483,-119.829910090114,Riverdale 93656 Fruit Fresno,Destination Address,Farmer,36.438315206411,-119.812750275793,,2024-10-15,False,,,,,6320000.0,632,0
Frea Dairy Llc,6205 S. Brawley Avenue Fresno Fresno 93706,36.645105516838,-119.863987304207,Fresno 93706 Brawley And Lincoln Avenues Fresno,Destination Address,Farmer,36.64854901221,-119.862485015701,,2024-12-31,False,,,,,1423800.0,142,0
Frea Dairy Llc,6205 S. Brawley Avenue Fresno Fresno 93706,36.645105516838,-119.863987304207,Fresno 93706 S. Brawley & Lincoln Avenue Fresno,Destination Address,Farmer,36.64854901221,-119.862485015701,,2024-10-08,False,,,,,600000.0,60,0
Frea Dairy Llc,6205 S. Brawley Avenue Fresno Fresno 93706,36.645105516838,-119.863987304207,Fresno 93706 Brawley And Lincoln Avenues Fresno,Destination Address,Farmer,36.64854901221,-119.862485015701,,2024-09-30,False,,,,,762300.0,76,0
Frea Dairy Llc,6205 S. Brawley Avenue Fresno Fresno 93706,36.645105516838,-119.863987304207,Fresno 93706 Brawley And Lincoln Avenues Fresno,Destination Address,Farmer,36.64854901221,-119.862485015701,,2024-06-30,False,,,,,1272600.0,127,0
Frea Dairy Llc,6205 S. Brawley Avenue Fresno Fresno 93706,36.645105516838,-119.863987304207,Fresno 93706 Brawley And Lincoln Avenues Fresno,Destination Address,Farmer,36.64854901221,-119.862485015701,,2024-03-31,False,,,,,1627200.0,163,0
G & A Dairy #2,6043 S Madera Kerman Fresno 93630,36.646395868923,-120.063654882863,Fresno 93706 S. Madera And Lincoln Avenues Fresno,Destination Address,Farmer,36.64744700149,-120.061134025483,,2024-03-31,False,,,,,6300021.0,630,0
G & A Dairy #2,6043 S Madera Kerman Fresno 93630,36.646395868923,-120.063654882863,Fresno 93706 S. Madera And Lincoln Avenues Fresno,Destination Address,Farmer,36.64744700149,-120.061134025483,,2024-06-30,False,,,,,4921891.0,492,0
G & A Dairy #2,6043 S Madera Kerman Fresno 93630,36.646395868923,-120.063654882863,Fresno 93706 S. Madera And Lincoln Avenues Fresno,Destination Address,Farmer,36.64744700149,-120.061134025483,,2024-09-30,False,,,,,2953135.0,295,0
G & A Dairy #2,6043 S Madera Kerman Fresno 93630,36.646395868923,-120.063654882863,Fresno 93706 S. Madera And Lincoln Avenues Fresno,Destination Address,Farmer,36.64744700149,-120.061134025483,,2024-10-23,False,,,,,600000.0,60,0
G & A Dairy #2,6043 S Madera Kerman Fresno 93630,36.646395868923,-120.063654882863,Fresno 93706 S. Madera And Lincoln Avenues Fresno,Destination Address,Farmer,36.64744700149,-120.061134025483,,2024-12-31,False,,,,,5512518.0,551,0
Silveira Dairy,11277 Avenue 21 1/2 Chowchilla Madera 93610,37.062726047385,-120.34327047893,Chowchilla 93610 10221 Ave 21 1/2 Madera,Destination Address,Farmer,37.062462017435,-120.361137008463,,2024-01-01,True,,,,,3030000.0,303,0
Silveira Dairy,11277 Avenue 21 1/2 Chowchilla Madera 93610,37.062726047385,-120.34327047893,Chowchilla 93610 10221 Ave 21 1/2 Madera,Destination Address,Farmer,37.062462017435,-120.361137008463,,2024-04-04,True,,,,,3600000.0,360,0
Silveira Dairy,11277 Avenue 21 1/2 Chowchilla Madera 93610,37.062726047385,-120.34327047893,Chowchilla 93610 10221 Ave 21 1/2 Madera,Destination Address,Farmer,37.062462017435,-120.361137008463,,2024-05-20,True,,,,,3960000.0,396,0
Silveira Dairy,11277 Avenue 21 1/2 Chowchilla Madera 93610,37.062726047385,-120.34327047893,Chowchilla 93610 10221 Ave 21 1/2 Madera,Destination Address,Farmer,37.062462017435,-120.361137008463,,2024-06-30,True,,,,,3720000.0,372,0
Silveira Dairy,11277 Avenue 21 1/2 Chowchilla Madera 93610,37.062726047385,-120.34327047893,Chowchilla 93610 10221 Ave 21 1/2 Madera,Destination Address,Farmer,37.062462017435,-120.361137008463,,2024-07-13,True,,,,,2520000.0,252,0
Vlot Calf Ranch,20330 Road 4 Chowchilla Madera 93610,37.045743768393,-120.473613625191,29808 Avenue 12 Madera 93638 Madera,Destination Address,Farmer,36.922218276617,-120.003269892187,,2024-03-09,False,,,,,9984000.0,998,0
Vlot Calf Ranch,20330 Road 4 Chowchilla Madera 93610,37.045743768393,-120.473613625191,29808 Avenue 12 Madera 93638 Madera,Destination Address,Farmer,36.922218276617,-120.003269892187,,2024-03-26,False,,,,,10000000.0,1000,0
Vlot Calf Ranch,20330 Road 4 Chowchilla Madera 93610,37.045743768393,-120.473613625191,29808 Avenue 12 Madera 93638 Madera,Destination Address,Farmer,36.922218276617,-120.003269892187,,2024-03-26,False,,,,,7472000.0,747,0
G3 Dairy,5829 E. Panama Lane Bakersfield Ca 93311,35.295933384544,-118.939431025525,"6219 E. Panam Lane Bakersfield, CA",Destination Address,Composting Facility,35.295475816957,-118.933707028131,2024-02-01,2024-02-29,False,,,,,,,
G3 Dairy,5829 E. Panama Lane Bakersfield Ca 93311,35.295933384544,-118.939431025525,"6219 E. Panam Lane Bakersfield, CA",Destination Address,Composting Facility,35.295475816957,-118.933707028131,2024-04-01,2024-04-30,False,,,,,,,
G3 Dairy,5829 E. Panama Lane Bakersfield Ca 93311,35.295933384544,-118.939431025525,"6219 E. Panam Lane Bakersfield, CA",Destination Address,Composting Facility,35.295475816957,-118.933707028131,2024-07-01,2024-07-31,False,,,,,,,
G3 Dairy,5829 E. Panama Lane Bakersfield Ca 93311,35.295933384544,-118.939431025525,"6219 E. Panam Lane Bakersfield, CA",Destination Address,Composting Facility,35.295475816957,-118.933707028131,2024-08-01,2024-08-31,False,,,,,,,
AJB Ranch Dairy,2874 Stockdale Hwy Wastewater Bakersfield Ca 93312 Rwqcd? No,35.353777906384,-119.136484752428,7540 Tracy Ave Buttonwillow Ca,Destination Address,Other,35.431147522959,-119.4247957782,2024-06-01,2024-06-30,False,,,,,,,
AJB Ranch Dairy,2874 Stockdale Hwy Wastewater Bakersfield Ca 93312 Rwqcd? No,35.353777906384,-119.136484752428,Po Box 81498  Bakersfield Ca,Destination Address,Farmer,,,2024-09-01,2024-09-30,False,,,,,,,
Bear Mountain Dairy,4551 Bear Mountain Blvd Wastewater Bakersfield Ca 93313 Rwqcd? No,35.208699842036,-119.052247067829,Po Box 20370 Bakersfield Ca,Destination Address,Farmer,,,2024-06-01,2024-06-30,False,,,,,,,
Bear Mountain Dairy,4551 Bear Mountain Blvd Wastewater Bakersfield Ca 93313 Rwqcd? No,35.208699842036,-119.052247067829,Po Box 20370 Bakersfield Ca,Destination Address,Farmer,,,2024-08-01,2024-08-31,False,,,,,,,
Bear Mountain Dairy,4551 Bear Mountain Blvd Wastewater Bakersfield Ca 93313 Rwqcd? No,35.208699842036,-119.052247067829,"Po Box 27 Edison, CA",Destination Address,Farmer,,,2024-11-01,2024-11-30,False,,,,,,,
Bear Mountain Dairy,4551 Bear Mountain Blvd Wastewater Bakersfield Ca 93313 Rwqcd? No,35.208699842036,-119.052247067829,9442 Bear Mountain Blvd. Bakersfield Ca,Destination Address,Farmer,35.210777230193,-119.105872241364,2024-08-01,2024-08-31,False,,,,,,,
Bear Mountain Dairy,4551 Bear Mountain Blvd Wastewater Bakersfield Ca 93313 Rwqcd? No,35.208699842036,-119.052247067829,9442 Bear Mountain Blvd. Bakersfield Ca,Destination Address,Farmer,35.210777230193,-119.105872241364,2024-09-01,2024-09-30,False,,,,,,,
Solo Dairy,11495 Jumper Ave Wasco 93280,35.730303011709,-119.419379979102,,,Other,,,2024-01-01,2024-12-31,False,,,,,13507200.0,1351,0
Diamond D Dairy,9423 Idaho Ave Hanford 93230,36.269168693698,-119.626552462404,016-270-066,Destination Assessor Parcel Number,Other,39.760802,-121.809471,2024-01-01,2024-12-31,False,,,,,7000000.0,700,0
Diamond D Dairy,9423 Idaho Ave Hanford 93230,36.269168693698,-119.626552462404,"016-270-010, 016-270-033",Destination Assessor Parcel Number,Other,39.672295,-120.242033,2024-01-01,2024-12-31,False,,,,,7000000.0,700,0
Diamond D Dairy,9423 Idaho Ave Hanford 93230,36.269168693698,-119.626552462404,"028-090-001, 028-090-022",Destination Assessor Parcel Number,Other,39.364051,-121.403652,2024-01-01,2024-12-31,False,,,,,16000000.0,1600,0
Dover Dairy,4265 Dover AVE Hanford Kings 93230,,,,,Farmer,,,2024-10-16,2024-10-29,False,,,,,2216000.0,222,0
Flatland Farms LLC,8431 15th Ave Hanford 93230,36.350695065386,-119.726593410469,15Th & Fargo Hanford 93230,Destination Address,Other,36.357206002044,-119.726874036587,2024-01-01,2024-12-31,False,,,,,505000.0,50,0
Flatland Farms LLC,8431 15th Ave Hanford 93230,36.350695065386,-119.726593410469,005-080-007,Destination Assessor Parcel Number,Other,37.802035,-121.702086,2024-01-01,2024-12-31,False,,,,,525000.0,52,0
Flint Dairy,6511 Flint Ave. Hanford Kings 93230,36.369763853201,-119.575398880791,7442 7Th Ave Hanford 93230 Kings,Destination Address,Farmer,36.360022531059,-119.590966841015,,2024-01-01,False,,,,,1629000.0,163,0
Flint Dairy,6511 Flint Ave. Hanford Kings 93230,36.369763853201,-119.575398880791,7442 7Th Ave Hanford 93230 Kings,Destination Address,Farmer,36.360022531059,-119.590966841015,,2024-03-25,False,,,,,981000.0,98,0
Flint Dairy,6511 Flint Ave. Hanford Kings 93230,36.369763853201,-119.575398880791,7442 7Th Ave Hanford 93230 Kings,Destination Address,Farmer,36.360022531059,-119.590966841015,,2024-06-27,False,,,,,2481000.0,248,0
Flint Dairy,6511 Flint Ave. Hanford Kings 93230,36.369763853201,-119.575398880791,7442 7Th Ave Hanford 93230 Kings,Destination Address,Farmer,36.360022531059,-119.590966841015,,2024-08-02,False,,,,,2172000.0,217,0
Jelle Van Der Hoek,337 Gates Rd Modesto Stanislaus 95358,37.641822475773,-121.159411948714,,,Farmer,,,,2024-08-25,True,,,71.0,1000.0,4260000.0,426,0
Jelle Van Der Hoek,337 Gates Rd Modesto Stanislaus 95358,37.641822475773,-121.159411948714,,,Farmer,,,,2024-06-02,True,,,76.0,1000.0,4560000.0,456,0
S & S Dairy Inc.,384 E. Monte Vista Ave. Ceres Ca. 95307,37.5217215,-120.9895892,730 W. Monte Vista Ave Ceres 95307,Destination Address,Farmer,37.521650543214,-121.003358262127,,2024-05-08,False,,,,,924000.0,92,0
S & S Dairy Inc.,384 E. Monte Vista Ave. Ceres Ca. 95307,37.5217215,-120.9895892,730 W. Monte Vista Ave Ceres 95307,Destination Address,Farmer,37.521650543214,-121.003358262127,2024-07-04,2024-09-23,False,,,,,2797200.0,280,0
S & S Dairy Inc.,384 E. Monte Vista Ave. Ceres Ca. 95307,37.5217215,-120.9895892,730 W. Monte Vista Ave Ceres 95307,Destination Address,Farmer,37.521650543214,-121.003358262127,2024-10-08,2024-10-13,False,,,,,1428000.0,143,0
MHF Dairy,501 S. Story Rd. Turlock 95380,37.488024610788,-120.789904212947,024-045-027,Destination Assessor Parcel Number,Other,38.245007,-120.325869,,2024-03-24,True,,,,,535000.0,54,0
MHF Dairy,501 S. Story Rd. Turlock 95380,37.488024610788,-120.789904212947,024-045-027,Destination Assessor Parcel Number,Other,38.245007,-120.325869,,2024-04-12,True,,,,,812000.0,81,0
MHF Dairy,501 S. Story Rd. Turlock 95380,37.488024610788,-120.789904212947,024-045-026,Destination Assessor Parcel Number,Other,38.245027,-120.326183,,2024-04-24,True,,,,,585000.0,58,0
MHF Dairy,501 S. Story Rd. Turlock 95380,37.488024610788,-120.789904212947,024-009-033,Destination Assessor Parcel Number,Other,35.550014,-121.080001,,2024-04-25,True,,,,,520000.0,52,0
MHF Dairy,501 S. Story Rd. Turlock 95380,37.488024610788,-120.789904212947,024-045-027,Destination Assessor Parcel Number,Other,38.245007,-120.325869,,2024-07-25,True,,,,,690000.0,69,0
MHF Dairy,501 S. Story Rd. Turlock 95380,37.488024610788,-120.789904212947,024-045-027,Destination Assessor Parcel Number,Other,38.245007,-120.325869,,2024-08-20,True,,,,,575000.0,58,0
MHF Dairy,501 S. Story Rd. Turlock 95380,37.488024610788,-120.789904212947,024-045-026,Destination Assessor Parcel Number,Other,38.245027,-120.326183,,2024-10-09,True,,,,,330550.0,33,0
MHF Dairy,501 S. Story Rd. Turlock 95380,37.488024610788,-120.789904212947,024-009-033,Destination Assessor Parcel Number,Other,35.550014,-121.080001,,2024-10-10,True,,,,,300000.0,30,0
MHF Dairy,501 S. Story Rd. Turlock 95380,37.488024610788,-120.789904212947,024-045-027,Destination Assessor Parcel Number,Other,38.245007,-120.325869,,2024-10-27,True,,,,,860000.0,86,0
Double Diamond Dairy,505 E Washington Rd El Nido Merced 95317,37.111988713551,-120.483451271655,2025 Washington Rd El Nido 95317 Merced,Destination Address,Farmer,37.109501006598,-120.541971372693,,2024-08-20,False,,,,,10000000.0,1000,0
Double Diamond Dairy,505 E Washington Rd El Nido Merced 95317,37.111988713551,-120.483451271655,2025 Washington Rd El Nido 95317 Merced,Destination Address,Farmer,37.109501006598,-120.541971372693,,2024-08-20,False,,,,,5881590.0,588,0
Pinnacle Dairy,724 Ruble Rd. Crowslanding Ca 95313,37.483244704773,-121.002979819199,058-005-016,Destination Assessor Parcel Number,Other,37.482806,-120.995625,2024-01-02,2024-01-19,False,,,,,900000.0,90,0
Pinnacle Dairy,724 Ruble Rd. Crowslanding Ca 95313,37.483244704773,-121.002979819199,058-005-016,Destination Assessor Parcel Number,Other,37.482806,-120.995625,2024-02-02,2024-02-09,False,,,,,480000.0,48,0
Pinnacle Dairy,724 Ruble Rd. Crowslanding Ca 95313,37.483244704773,-121.002979819199,058-005-016,Destination Assessor Parcel Number,Other,37.482806,-120.995625,2024-04-12,2024-04-15,False,,,,,660000.0,66,0
Pinnacle Dairy,724 Ruble Rd. Crowslanding Ca 95313,37.483244704773,-121.002979819199,058-005-016,Destination Assessor Parcel Number,Other,37.482806,-120.995625,,2024-05-07,False,,,,,120000.0,12,0
Pinnacle Dairy,724 Ruble Rd. Crowslanding Ca 95313,37.483244704773,-121.002979819199,058-005-016,Destination Assessor Parcel Number,Other,37.482806,-120.995625,,2024-06-13,False,,,,,120000.0,12,0
Pinnacle Dairy,724 Ruble Rd. Crowslanding Ca 95313,37.483244704773,-121.002979819199,058-005-016,Destination Assessor Parcel Number,Other,37.482806,-120.995625,,2024-06-27,False,,,,,120000.0,12,0
Pinnacle Dairy,724 Ruble Rd. Crowslanding Ca 95313,37.483244704773,-121.002979819199,058-005-016,Destination Assessor Parcel Number,Other,37.482806,-120.995625,,2024-07-10,False,,,,,120000.0,12,0
Pinnacle Dairy,724 Ruble Rd. Crowslanding Ca 95313,37.483244704773,-121.002979819199,058-005-016,Destination Assessor Parcel Number,Other,37.482806,-120.995625,,2024-07-24,False,,,,,120000.0,12,0
Pinnacle Dairy,724 Ruble Rd. Crowslanding Ca 95313,37.483244704773,-121.002979819199,058-005-016,Destination Assessor Parcel Number,Other,37.482806,-120.995625,,2024-08-01,False,,,,,120000.0,12,0
Pinnacle Dairy,724 Ruble Rd. Crowslanding Ca 95313,37.483244704773,-121.002979819199,058-005-016,Destination Assessor Parcel Number,Other,37.482806,-120.995625,,2024-08-14,False,,,,,120000.0,12,0
Pinnacle Dairy,724 Ruble Rd. Crowslanding Ca 95313,37.483244704773,-121.002979819199,058-005-016,Destination Assessor Parcel Number,Other,37.482806,-120.995625,,2024-08-22,False,,,,,120000.0,12,0
Pinnacle Dairy,724 Ruble Rd. Crowslanding Ca 95313,37.483244704773,-121.002979819199,058-005-016,Destination Assessor Parcel Number,Other,37.482806,-120.995625,,2024-10-12,False,,,,,300000.0,30,0
Pinnacle Dairy,724 Ruble Rd. Crowslanding Ca 95313,37.483244704773,-121.002979819199,058-005-016,Destination Assessor Parcel Number,Other,37.482806,-120.995625,,2024-12-05,False,,,,,240000.0,24,0
Pinnacle Dairy,724 Ruble Rd. Crowslanding Ca 95313,37.483244704773,-121.002979819199,058-005-006,Destination Assessor Parcel Number,Other,38.065403,-120.571106,,2024-02-09,False,,,,,240000.0,24,0
Pinnacle Dairy,724 Ruble Rd. Crowslanding Ca 95313,37.483244704773,-121.002979819199,058-005-006,Destination Assessor Parcel Number,Other,38.065403,-120.571106,2024-04-18,2024-04-19,False,,,,,780000.0,78,0
Pinnacle Dairy,724 Ruble Rd. Crowslanding Ca 95313,37.483244704773,-121.002979819199,058-005-006,Destination Assessor Parcel Number,Other,38.065403,-120.571106,2024-05-03,2024-05-06,False,,,,,360000.0,36,0
Pinnacle Dairy,724 Ruble Rd. Crowslanding Ca 95313,37.483244704773,-121.002979819199,058-005-006,Destination Assessor Parcel Number,Other,38.065403,-120.571106,,2024-06-13,False,,,,,240000.0,24,0
Pinnacle Dairy,724 Ruble Rd. Crowslanding Ca 95313,37.483244704773,-121.002979819199,058-005-006,Destination Assessor Parcel Number,Other,38.065403,-120.571106,,2024-06-27,False,,,,,240000.0,24,0
Pinnacle Dairy,724 Ruble Rd. Crowslanding Ca 95313,37.483244704773,-121.002979819199,058-005-006,Destination Assessor Parcel Number,Other,38.065403,-120.571106,,2024-07-09,False,,,,,240000.0,24,0
Pinnacle Dairy,724 Ruble Rd. Crowslanding Ca 95313,37.483244704773,-121.002979819199,058-005-006,Destination Assessor Parcel Number,Other,38.065403,-120.571106,,2024-07-23,False,,,,,180000.0,18,0
Pinnacle Dairy,724 Ruble Rd. Crowslanding Ca 95313,37.483244704773,-121.002979819199,058-005-006,Destination Assessor Parcel Number,Other,38.065403,-120.571106,,2024-08-01,False,,,,,240000.0,24,0
Pinnacle Dairy,724 Ruble Rd. Crowslanding Ca 95313,37.483244704773,-121.002979819199,058-005-006,Destination Assessor Parcel Number,Other,38.065403,-120.571106,,2024-08-13,False,,,,,180000.0,18,0
Pinnacle Dairy,724 Ruble Rd. Crowslanding Ca 95313,37.483244704773,-121.002979819199,058-005-006,Destination Assessor Parcel Number,Other,38.065403,-120.571106,,2024-08-22,False,,,,,120000.0,12,0
Pinnacle Dairy,724 Ruble Rd. Crowslanding Ca 95313,37.483244704773,-121.002979819199,058-005-006,Destination Assessor Parcel Number,Other,38.065403,-120.571106,,2024-10-11,False,,,,,400000.0,40,0
Pinnacle Dairy,724 Ruble Rd. Crowslanding Ca 95313,37.483244704773,-121.002979819199,058-005-006,Destination Assessor Parcel Number,Other,38.065403,-120.571106,2024-12-10,2024-12-18,False,,,,,840000.0,84,0
Live Oak Dairy G,730 Bystrum Rd Turlock Stanislaus 95380,37.49989460106,-120.983643690582,,,Farmer,,,,2024-06-13,True,,,,,1560000.0,156,0
Frank Gwerder Dairy Inc.,1007 S. Hart Rd. Modesto 95358,37.62778144685,-121.124126567097,012-050-005,Destination Assessor Parcel Number,Other,39.638568,-120.540996,,2024-03-20,True,,,12.0,1000.0,720000.0,72,0
Frank Gwerder Dairy Inc.,1007 S. Hart Rd. Modesto 95358,37.62778144685,-121.124126567097,012-050-005,Destination Assessor Parcel Number,Other,39.638568,-120.540996,,2024-07-12,True,,,5.0,1000.0,300000.0,30,0
Frank Gwerder Dairy Inc.,1007 S. Hart Rd. Modesto 95358,37.62778144685,-121.124126567097,012-050-005,Destination Assessor Parcel Number,Other,39.638568,-120.540996,,2024-07-26,True,,,12.0,1000.0,720000.0,72,0
Frank Gwerder Dairy Inc.,1007 S. Hart Rd. Modesto 95358,37.62778144685,-121.124126567097,012-052-008,Destination Assessor Parcel Number,Other,33.303313,-115.959575,,2024-10-24,False,9500.0,60.0,,,570000.0,57,0
Frank Gwerder Dairy Inc.,1007 S. Hart Rd. Modesto 95358,37.62778144685,-121.124126567097,017-065-012,Destination Assessor Parcel Number,Other,37.621627,-121.143367,,2024-11-04,False,9500.0,100.0,,,950000.0,95,0
MB Lucky Lady,1218 W. Keyes Road Modesto Ca 95358,37.551184723876,-121.009299774193,041-025-003,Destination Assessor Parcel Number,Other,34.437838,-119.719953,,2024-03-21,True,1500.0,,20.0,,1800000.0,180,0
MB Lucky Lady,1218 W. Keyes Road Modesto Ca 95358,37.551184723876,-121.009299774193,041-025-003,Destination Assessor Parcel Number,Other,34.437838,-119.719953,,2024-04-01,True,1500.0,,21.0,,1890000.0,189,0
MB Lucky Lady,1218 W. Keyes Road Modesto Ca 95358,37.551184723876,-121.009299774193,041-025-003,Destination Assessor Parcel Number,Other,34.437838,-119.719953,,2024-06-29,True,1500.0,,17.0,,1530000.0,153,0
MB Lucky Lady,1218 W. Keyes Road Modesto Ca 95358,37.551184723876,-121.009299774193,041-025-003,Destination Assessor Parcel Number,Other,34.437838,-119.719953,,2024-07-22,True,1500.0,,18.0,,1620000.0,162,0
MB Lucky Lady,1218 W. Keyes Road Modesto Ca 95358,37.551184723876,-121.009299774193,041-025-003,Destination Assessor Parcel Number,Other,34.437838,-119.719953,,2024-09-01,True,1500.0,,21.0,,1890000.0,189,0
Martins View Jersey Dairy Inc,1369 S Hunt Rd Gustine Merced 95322,37.269334931518,-120.996679058763,28336 W Bambauer Rd Gustine 95322 Merced,Destination Address,Farmer,37.274704353814,-121.000896380799,,2024-01-01,False,,,,,840174.0,84,0
Martins View Jersey Dairy Inc,1369 S Hunt Rd Gustine Merced 95322,37.269334931518,-120.996679058763,28336 W Bambauer Rd Gustine 95322 Merced,Destination Address,Farmer,37.274704353814,-121.000896380799,,2024-03-20,False,,,,,538220.0,54,0
Martins View Jersey Dairy Inc,1369 S Hunt Rd Gustine Merced 95322,37.269334931518,-120.996679058763,28336 W Bambauer Rd Gustine 95322 Merced,Destination Address,Farmer,37.274704353814,-121.000896380799,,2024-06-16,False,,,,,636845.0,64,0
Martins View Jersey Dairy Inc,1369 S Hunt Rd Gustine Merced 95322,37.269334931518,-120.996679058763,28336 W Bambauer Rd Gustine 95322 Merced,Destination Address,Farmer,37.274704353814,-121.000896380799,,2024-08-15,False,,,,,1126270.0,113,0
Martins View Jersey Dairy Inc,1369 S Hunt Rd Gustine Merced 95322,37.269334931518,-120.996679058763,28336 W Bambauer Rd Gustine 95322 Merced,Destination Address,Farmer,37.274704353814,-121.000896380799,,2024-08-25,False,,,,,333885.0,33,0
Alden Peterson & Sons Dairy,1431 N. Central Ave Turlock 95380,37.506513789998,-120.958869802281,,,Other,,,,2024-01-04,False,,,,,810000.0,81,0
Alden Peterson & Sons Dairy,1431 N. Central Ave Turlock 95380,37.506513789998,-120.958869802281,,,Other,,,,2024-02-17,False,,,,,432000.0,43,0
Alden Peterson & Sons Dairy,1431 N. Central Ave Turlock 95380,37.506513789998,-120.958869802281,,,Other,,,,2024-03-02,False,,,,,486000.0,49,0
Alden Peterson & Sons Dairy,1431 N. Central Ave Turlock 95380,37.506513789998,-120.958869802281,,,Other,,,,2024-03-16,False,,,,,648000.0,65,0
Alden Peterson & Sons Dairy,1431 N. Central Ave Turlock 95380,37.506513789998,-120.958869802281,,,Other,,,2024-05-03,2024-05-04,False,,,,,1350000.0,135,0
Alden Peterson & Sons Dairy,1431 N. Central Ave Turlock 95380,37.506513789998,-120.958869802281,,,Other,,,,2024-06-01,False,,,,,1539000.0,154,0
Alden Peterson & Sons Dairy,1431 N. Central Ave Turlock 95380,37.506513789998,-120.958869802281,,,Other,,,2024-06-12,2024-06-13,False,,,,,972000.0,97,0
Alden Peterson & Sons Dairy,1431 N. Central Ave Turlock 95380,37.506513789998,-120.958869802281,,,Other,,,2024-06-22,2024-06-23,False,,,,,1242000.0,124,0
Alden Peterson & Sons Dairy,1431 N. Central Ave Turlock 95380,37.506513789998,-120.958869802281,,,Other,,,,2024-07-01,False,,,,,877500.0,88,0
Alden Peterson & Sons Dairy,1431 N. Central Ave Turlock 95380,37.506513789998,-120.958869802281,,,Other,,,,2024-07-08,False,,,,,729000.0,73,0
Alden Peterson & Sons Dairy,1431 N. Central Ave Turlock 95380,37.506513789998,-120.958869802281,,,Other,,,,2024-07-16,False,,,,,1188000.0,119,0
Alden Peterson & Sons Dairy,1431 N. Central Ave Turlock 95380,37.506513789998,-120.958869802281,,,Other,,,,2024-07-21,False,,,,,945000.0,94,0
Alden Peterson & Sons Dairy,1431 N. Central Ave Turlock 95380,37.506513789998,-120.958869802281,,,Other,,,2024-07-28,2024-07-31,False,,,,,2767500.0,277,0
Alden Peterson & Sons Dairy,1431 N. Central Ave Turlock 95380,37.506513789998,-120.958869802281,,,Other,,,2024-08-08,2024-08-09,False,,,,,2133000.0,213,0
Alden Peterson & Sons Dairy,1431 N. Central Ave Turlock 95380,37.506513789998,-120.958869802281,,,Other,,,2024-08-18,2024-08-19,False,,,,,1917000.0,192,0
Alden Peterson & Sons Dairy,1431 N. Central Ave Turlock 95380,37.506513789998,-120.958869802281,,,Other,,,2024-08-29,2024-08-30,False,,,,,1971000.0,197,0
Alden Peterson & Sons Dairy,1431 N. Central Ave Turlock 95380,37.506513789998,-120.958869802281,,,Other,,,,2024-09-13,False,,,,,931500.0,93,0
Alden Peterson & Sons Dairy,1431 N. Central Ave Turlock 95380,37.506513789998,-120.958869802281,,,Other,,,,2024-09-23,False,,,,,702000.0,70,0
Alden Peterson & Sons Dairy,1431 N. Central Ave Turlock 95380,37.506513789998,-120.958869802281,,,Other,,,,2024-10-05,False,,,,,1350000.0,135,0
Alamo Dairy,1500 W. Fulkerth Rd. Crowslanding 95313,37.505571622171,-121.013470944489,"022-035-012,022-035-006,022-036-018,022-036-019,022-036-016,022-033-006,022-033-007,022-033-008,022-034-011,022-034-013,022-034-013,022-034-014,022-034-015,022-034-016,022-034-017,022-036-023,022-033-002,022-034-004,058-001-015,022-037-004,058-002-003",Destination Assessor Parcel Number,Other,37.50229,-121.008182,2024-01-02,2024-01-05,False,,,,,1436155.0,144,0
Alamo Dairy,1500 W. Fulkerth Rd. Crowslanding 95313,37.505571622171,-121.013470944489,"022-035-012,022-035-006,022-036-018,022-036-019,022-036-016,022-033-006,022-033-007,022-033-008,022-034-011,022-034-013,022-034-013,022-034-014,022-034-015,022-034-016,022-034-017,022-036-023,022-033-002,022-034-004,058-001-015,022-037-004,058-002-003",Destination Assessor Parcel Number,Other,37.50229,-121.008182,2024-01-17,2024-01-21,False,,,,,719922.0,72,0
Alamo Dairy,1500 W. Fulkerth Rd. Crowslanding 95313,37.505571622171,-121.013470944489,"022-035-012,022-035-006,022-036-018,022-036-019,022-036-016,022-033-006,022-033-007,022-033-008,022-034-011,022-034-013,022-034-013,022-034-014,022-034-015,022-034-016,022-034-017,022-036-023,022-033-002,022-034-004,058-001-015,022-037-004,058-002-003",Destination Assessor Parcel Number,Other,37.50229,-121.008182,2024-01-31,2024-02-12,False,,,,,4574139.0,457,0
Alamo Dairy,1500 W. Fulkerth Rd. Crowslanding 95313,37.505571622171,-121.013470944489,"022-035-012,022-035-006,022-036-018,022-036-019,022-036-016,022-033-006,022-033-007,022-033-008,022-034-011,022-034-013,022-034-013,022-034-014,022-034-015,022-034-016,022-034-017,022-036-023,022-033-002,022-034-004,058-001-015,022-037-004,058-002-003",Destination Assessor Parcel Number,Other,37.50229,-121.008182,2024-02-18,2024-02-26,False,,,,,3302792.0,330,0
Alamo Dairy,1500 W. Fulkerth Rd. Crowslanding 95313,37.505571622171,-121.013470944489,"022-035-012,022-035-006,022-036-018,022-036-019,022-036-016,022-033-006,022-033-007,022-033-008,022-034-011,022-034-013,022-034-013,022-034-014,022-034-015,022-034-016,022-034-017,022-036-023,022-033-002,022-034-004,058-001-015,022-037-004,058-002-003",Destination Assessor Parcel Number,Other,37.50229,-121.008182,2024-03-22,2024-03-31,False,,,,,1642690.0,164,0
Alamo Dairy,1500 W. Fulkerth Rd. Crowslanding 95313,37.505571622171,-121.013470944489,"022-035-012,022-035-006,022-036-018,022-036-019,022-036-016,022-033-006,022-033-007,022-033-008,022-034-011,022-034-013,022-034-013,022-034-014,022-034-015,022-034-016,022-034-017,022-036-023,022-033-002,022-034-004,058-001-015,022-037-004,058-002-003",Destination Assessor Parcel Number,Other,37.50229,-121.008182,2024-05-08,2024-05-20,False,,,,,3266197.0,327,0
Alamo Dairy,1500 W. Fulkerth Rd. Crowslanding 95313,37.505571622171,-121.013470944489,"022-035-012,022-035-006,022-036-018,022-036-019,022-036-016,022-033-006,022-033-007,022-033-008,022-034-011,022-034-013,022-034-013,022-034-014,022-034-015,022-034-016,022-034-017,022-036-023,022-033-002,022-034-004,058-001-015,022-037-004,058-002-003",Destination Assessor Parcel Number,Other,37.50229,-121.008182,2024-06-23,2024-06-29,False,,,,,2362602.0,236,0
Alamo Dairy,1500 W. Fulkerth Rd. Crowslanding 95313,37.505571622171,-121.013470944489,"022-035-012,022-035-006,022-036-018,022-036-019,022-036-016,022-033-006,022-033-007,022-033-008,022-034-011,022-034-013,022-034-013,022-034-014,022-034-015,022-034-016,022-034-017,022-036-023,022-033-002,022-034-004,058-001-015,022-037-004,058-002-003",Destination Assessor Parcel Number,Other,37.50229,-121.008182,2024-07-03,2024-07-08,False,,,,,3367037.0,337,0
Alamo Dairy,1500 W. Fulkerth Rd. Crowslanding 95313,37.505571622171,-121.013470944489,"022-035-012,022-035-006,022-036-018,022-036-019,022-036-016,022-033-006,022-033-007,022-033-008,022-034-011,022-034-013,022-034-013,022-034-014,022-034-015,022-034-016,022-034-017,022-036-023,022-033-002,022-034-004,058-001-015,022-037-004,058-002-003",Destination Assessor Parcel Number,Other,37.50229,-121.008182,2024-07-17,2024-07-22,False,,,,,4269532.0,427,0
Alamo Dairy,1500 W. Fulkerth Rd. Crowslanding 95313,37.505571622171,-121.013470944489,"022-035-012,022-035-006,022-036-018,022-036-019,022-036-016,022-033-006,022-033-007,022-033-008,022-034-011,022-034-013,022-034-013,022-034-014,022-034-015,022-034-016,022-034-017,022-036-023,022-033-002,022-034-004,058-001-015,022-037-004,058-002-003",Destination Assessor Parcel Number,Other,37.50229,-121.008182,2024-07-30,2024-08-08,False,,,,,4691825.0,469,0
Alamo Dairy,1500 W. Fulkerth Rd. Crowslanding 95313,37.505571622171,-121.013470944489,"022-035-012,022-035-006,022-036-018,022-036-019,022-036-016,022-033-006,022-033-007,022-033-008,022-034-011,022-034-013,022-034-013,022-034-014,022-034-015,022-034-016,022-034-017,022-036-023,022-033-002,022-034-004,058-001-015,022-037-004,058-002-003",Destination Assessor Parcel Number,Other,37.50229,-121.008182,2024-08-14,2024-08-28,False,,,,,5113210.0,511,0
Alamo Dairy,1500 W. Fulkerth Rd. Crowslanding 95313,37.505571622171,-121.013470944489,"022-035-012,022-035-006,022-036-018,022-036-019,022-036-016,022-033-006,022-033-007,022-033-008,022-034-011,022-034-013,022-034-013,022-034-014,022-034-015,022-034-016,022-034-017,022-036-023,022-033-002,022-034-004,058-001-015,022-037-004,058-002-003",Destination Assessor Parcel Number,Other,37.50229,-121.008182,2024-12-24,2024-12-28,False,,,,,3846349.0,385,0
Alamo Dairy,1500 W. Fulkerth Rd. Crowslanding 95313,37.505571622171,-121.013470944489,"058-001-015,022-037-004,058-002-003",Destination Assessor Parcel Number,Other,37.491439,-121.041676,2024-11-13,2024-11-15,False,10000.0,,,,2220000.0,222,0
Couto Dairy,1980 County Road Qq Willows Glenn 95988,39.536479394667,-122.121338519324,,,Farmer,,,,2024-12-31,False,,,,,2500000.0,250,0
Edelweiss Dairy,2306 W. Fulkerth Rd Crows Landing 95313,37.507547278659,-121.032046331573,,,Other,,,,2024-01-09,False,,,,,2751800.0,275,0
Edelweiss Dairy,2306 W. Fulkerth Rd Crows Landing 95313,37.507547278659,-121.032046331573,,,Other,,,,2024-02-28,False,,,,,1748000.0,175,0
Edelweiss Dairy,2306 W. Fulkerth Rd Crows Landing 95313,37.507547278659,-121.032046331573,,,Other,,,,2024-11-07,False,,,,,1890750.0,189,0
Edelweiss Dairy,2306 W. Fulkerth Rd Crows Landing 95313,37.507547278659,-121.032046331573,,,Other,,,,2024-12-29,False,,,,,2020400.0,202,0
Diamond O Dairy,2743 Baker Road Modesto CA 95358,37.599320024065,-121.094649425286,017-037-005,Destination Assessor Parcel Number,Other,37.603472,-121.097399,,2024-09-25,False,9500.0,17.0,,,161500.0,16,0
D Barcellos Dairy,2892 N Gurr Rd Atwater Merced 95301,37.330043170289,-120.558155151344,Atwater 95301 Gurr Rd Keith Moss Land Merced,Destination Address,Farmer,37.3360028,-120.5588204,,2024-10-27,False,,,,1200.0,576000.0,58,0
Furtado Farms,3449 Paradise Road Modesto CA 95358,37.609516525459,-121.057328666121,"017-054-026,017-054-45",Destination Assessor Parcel Number,Other,37.607159,-121.077789,,2024-11-04,False,9500.0,150.0,,,1425000.0,142,0
Double D Dairy #2,3636 E. Monte Vista Ave. Ceres 95307,37.52141974751,-120.927587869078,022-017-001,Destination Assessor Parcel Number,Other,37.519953,-120.939384,,2024-01-21,True,,,,,405000.0,40,0
Double D Dairy #2,3636 E Monte Vista AVE Ceres Stanislaus 95307,,,022-017-001,Destination Assessor Parcel Number,Other,37.519953,-120.939384,,2024-04-26,True,,,,,360000.0,36,0
Double D Dairy #2,3636 E. Monte Vista Ave. Ceres 95307,37.52141974751,-120.927587869078,022-017-001,Destination Assessor Parcel Number,Other,37.519953,-120.939384,,2024-06-22,True,,,,,405000.0,40,0
Double D Dairy #2,3636 E. Monte Vista Ave. Ceres 95307,37.52141974751,-120.927587869078,022-017-001,Destination Assessor Parcel Number,Other,37.519953,-120.939384,,2024-08-17,True,,,,,330000.0,33,0
Double D Dairy #2,3636 E. Monte Vista Ave. Ceres 95307,37.52141974751,-120.927587869078,022-017-001,Destination Assessor Parcel Number,Other,37.519953,-120.939384,,2024-09-06,True,,,,,300000.0,30,0
Double D Dairy #2,3636 E. Monte Vista Ave. Ceres 95307,37.52141974751,-120.927587869078,022-017-001,Destination Assessor Parcel Number,Other,37.519953,-120.939384,,2024-10-27,True,,,,,375000.0,38,0
Blue Sky Dairy,4390 N Fox Rd Merced Merced 95340,37.353520136529,-120.549468100229,Merced 95340 Franklin Rd Merced,Destination Address,Farmer,37.311331012086,-120.541070810774,,2024-03-20,True,,,,,1656000.0,166,0
Blue Sky Dairy,4390 N Fox Rd Merced Merced 95340,37.353520136529,-120.549468100229,Merced 95340 Franklin Rd Merced,Destination Address,Farmer,37.311331012086,-120.541070810774,,2024-09-29,True,,,,,1368000.0,137,0
Meirinho Holsteins Inc,4890 Healy Rd Merced Merced 95341,37.215628599383,-120.432373043351,,,Farmer,,,,2024-01-01,False,,,,,8700000.0,870,0
Meirinho Holsteins Inc,4890 Healy Rd Merced Merced 95341,37.215628599383,-120.432373043351,,,Farmer,,,,2024-03-05,False,,,,,8100000.0,810,0
Meirinho Holsteins Inc,4890 Healy Rd Merced Merced 95341,37.215628599383,-120.432373043351,,,Farmer,,,,2024-06-11,False,,,,,9800000.0,980,0
Meirinho Holsteins Inc,4890 Healy Rd Merced Merced 95341,37.215628599383,-120.432373043351,,,Farmer,,,,2024-07-21,False,,,,,9200000.0,920,0
Alamo Farms,5000 Keyes Rd. Modesto 95358,37.545854462099,-121.087299669668,"017-061-020,017-061-009,017-062-029,017-061-021,017-061-004,017-061-007",Destination Assessor Parcel Number,Other,37.636789,-122.462718,2024-01-15,2024-01-24,False,,,,,8589293.0,859,0
Alamo Farms,5000 Keyes Rd. Modesto 95358,37.545854462099,-121.087299669668,"017-061-020,017-061-009,017-062-029,017-061-021,017-061-004,017-061-007",Destination Assessor Parcel Number,Other,37.636789,-122.462718,2024-02-05,2024-02-10,False,,,,,5708478.0,571,0
Alamo Farms,5000 Keyes Rd. Modesto 95358,37.545854462099,-121.087299669668,"017-061-020,017-061-009,017-062-029,017-061-021,017-061-004,017-061-007",Destination Assessor Parcel Number,Other,37.636789,-122.462718,2024-03-05,2024-03-12,False,,,,,5670466.0,567,0
Alamo Farms,5000 Keves Rd. Modesto 95358,37.545854462099,-121.087299669668,"017-061-020,017-061-009,017-062-029,017-061-021,017-061-004,017-061-007",Destination Assessor Parcel Number,Other,37.636789,-122.462718,2024-06-16,2024-06-30,False,,,,,4966016.0,497,0
Alamo Farms,5000 Keyes Rd. Modesto 95358,37.545854462099,-121.087299669668,"017-061-020,017-061-009,017-062-029,017-061-021,017-061-004,017-061-007",Destination Assessor Parcel Number,Other,37.636789,-122.462718,2024-07-08,2024-07-11,False,,,,,2781941.0,278,0
Alamo Farms,5000 Keyes Rd. Modesto 95358,37.545854462099,-121.087299669668,"017-061-020,017-061-009,017-062-029,017-061-021,017-061-004,017-061-007",Destination Assessor Parcel Number,Other,37.636789,-122.462718,2024-02-15,2024-02-15,False,,,,,5670466.0,567,0
Alamo Farms,5000 Keves Rd. Modesto 95358,37.545854462099,-121.087299669668,"017-061-020,017-061-009,017-062-029,017-061-021,017-061-004,017-061-007",Destination Assessor Parcel Number,Other,37.636789,-122.462718,2024-08-05,2024-08-12,False,,,,,3553278.0,355,0
Alamo Farms,5000 Keves Rd. Modesto 95358,37.545854462099,-121.087299669668,"017-061-020,017-061-009,017-062-029,017-061-021,017-061-004,017-061-007",Destination Assessor Parcel Number,Other,37.636789,-122.462718,2024-08-19,2024-08-22,False,,,,,4982787.0,498,0
Alamo Farms,5000 Keyes Rd. Modesto 95358,37.545854462099,-121.087299669668,"017-061-020,017-061-009,017-062-029,017-061-021,017-061-004,017-061-007",Destination Assessor Parcel Number,Other,37.636789,-122.462718,2024-09-02,2024-09-08,False,,,,,5689769.0,569,0
Alamo Farms,5000 Keves Rd. Modesto 95358,37.545854462099,-121.087299669668,"017-061-020,017-061-009,017-062-029,017-061-021,017-061-004,017-061-007",Destination Assessor Parcel Number,Other,37.636789,-122.462718,2024-12-05,2024-12-12,False,,,,,5539502.0,554,0
Alamo Farms,5000 Keyes Rd. Modesto 95358,37.545854462099,-121.087299669668,"022-002-050,017-062-047,017-062-048,022-003-009,058-001-013,058-001-014,058-001-003",Destination Assessor Parcel Number,Other,37.707363,-122.482716,2024-10-30,2024-11-04,False,,,,,4780000.0,478,0
Blue Star Dairy,5254 Blue Gum Avenue Modesto CA 95358,37.659546806318,-121.091390457513,"012-030-050,012-031-026",Destination Assessor Parcel Number,Other,37.927171,-121.715711,,2024-10-26,False,,,10.0,1300.0,780000.0,78,0
Blue Star Dairy,5254 Blue Gum Avenue Modesto CA 95358,37.659546806318,-121.091390457513,"012-030-050,012-031-026",Destination Assessor Parcel Number,Other,37.927171,-121.715711,,2024-10-30,False,,,5.0,1300.0,390000.0,39,0
J-D Brasil Dairy,5600 Clayton Road Turlock CA 95380,37.481291050781,-120.913112992846,,,Farmer,,,,2024-04-23,False,,,,,1026000.0,103,0
J-D Brasil Dairy,5600 Clayton Road Turlock CA 95380,37.481291050781,-120.913112992846,,,Farmer,,,,2024-09-02,False,,,,,1896000.0,190,0
Wickstrom Jersey Farms,5638 Columbus Rd. Hilmar 95324,37.369953937535,-120.868669376182,,,Other,,,,2024-05-14,False,,,,,325000.0,32,0
Wickstrom Jersey Farms,5638 Columbus Rd. Hilmar 95324,37.369953937535,-120.868669376182,,,Other,,,,2024-05-26,False,,,,,400000.0,40,0
Wickstrom Jersey Farms,5638 Columbus Rd. Hilmar 95324,37.369953937535,-120.868669376182,,,Other,,,,2024-06-09,False,,,,,325000.0,32,0
Wickstrom Jersey Farms,5638 Columbus Rd. Hilmar 95324,37.369953937535,-120.868669376182,,,Other,,,,2024-06-21,False,,,,,380000.0,38,0
Wickstrom Jersey Farms,5638 Columbus Rd. Hilmar 95324,37.369953937535,-120.868669376182,,,Other,,,,2024-06-30,False,,,,,400000.0,40,0
Wickstrom Jersey Farms,5638 Columbus Rd. Hilmar 95324,37.369953937535,-120.868669376182,,,Other,,,,2024-10-24,False,,,,,350000.0,35,0
Wickstrom Jersey Farms,5638 Columbus Rd. Hilmar 95324,37.369953937535,-120.868669376182,,,Other,,,,2024-12-05,False,,,,,450000.0,45,0
Wickstrom Jersey Farms,5638 Columbus Rd. Hilmar 95324,37.369953937535,-120.868669376182,,,Other,,,,2024-04-12,False,,,,,1000000.0,100,0
Wickstrom Jersey Farms,5638 Columbus Rd. Hilmar 95324,37.369953937535,-120.868669376182,,,Other,,,,2024-06-07,False,,,,,1100000.0,110,0
Wickstrom Jersey Farms,5638 Columbus Rd. Hilmar 95324,37.369953937535,-120.868669376182,,,Other,,,,2024-06-20,False,,,,,1000000.0,100,0
Wickstrom Jersey Farms,5638 Columbus Rd. Hilmar 95324,37.369953937535,-120.868669376182,,,Other,,,,2024-06-30,False,,,,,900000.0,90,0
Wickstrom Jersey Farms,5638 Columbus Rd. Hilmar 95324,37.369953937535,-120.868669376182,,,Other,,,,2024-07-09,False,,,,,950000.0,95,0
Wickstrom Jersey Farms,5638 Columbus Rd. Hilmar 95324,37.369953937535,-120.868669376182,,,Other,,,,2024-10-15,False,,,,,1100000.0,110,0
Wickstrom Jersey Farms,5638 Columbus Rd. Hilmar 95324,37.369953937535,-120.868669376182,,,Other,,,,2024-03-13,False,,,,,1500000.0,150,0
Wickstrom Jersey Farms,5638 Columbus Rd. Hilmar 95324,37.369953937535,-120.868669376182,,,Other,,,,2024-04-20,False,,,,,1600000.0,160,0
Wickstrom Jersey Farms,5638 Columbus Rd. Hilmar 95324,37.369953937535,-120.868669376182,,,Other,,,,2024-07-02,False,,,,,1100000.0,110,0
Wickstrom Jersey Farms,5638 Columbus Rd. Hilmar 95324,37.369953937535,-120.868669376182,,,Other,,,,2024-02-29,False,,,,,900000.0,90,0
Wickstrom Jersey Farms,5638 Columbus Rd. Hilmar 95324,37.369953937535,-120.868669376182,,,Other,,,,2024-04-15,False,,,,,915000.0,92,0
Wickstrom Jersey Farms,5638 Columbus Rd. Hilmar 95324,37.369953937535,-120.868669376182,,,Other,,,,2024-05-26,False,,,,,850000.0,85,0
Wickstrom Jersey Farms,5638 Columbus Rd. Hilmar 95324,37.369953937535,-120.868669376182,,,Other,,,,2024-06-08,False,,,,,750000.0,75,0
Wickstrom Jersey Farms,5638 Columbus Rd. Hilmar 95324,37.369953937535,-120.868669376182,,,Other,,,,2024-06-21,False,,,,,800000.0,80,0
Wickstrom Jersey Farms,5638 Columbus Rd. Hilmar 95324,37.369953937535,-120.868669376182,,,Other,,,,2024-06-30,False,,,,,750000.0,75,0
Wickstrom Jersey Farms,5638 Columbus Rd. Hilmar 95324,37.369953937535,-120.868669376182,,,Other,,,,2024-10-20,False,,,,,900000.0,90,0
Double B Dairy,5817 E Worden Ave Merced Merced 95340,37.236077174189,-120.383204128772,602 E Sandy Mush Rd M 95341 Merced,Destination Address,Farmer,37.187149281235,-120.477986186965,,2024-08-02,False,,,,,3980500.0,398,0
Kooistra Dairy,5837 Hultberg Road Turlock CA 95380,37.438153041265,-120.895575117737,,,Farmer,,,2024-03-19,2024-08-09,False,,,,,1650000.0,165,0
Kooistra Dairy,5837 Hultberg Road Turlock CA 95380,37.438153041265,-120.895575117737,,,Farmer,,,2024-07-02,2024-07-29,False,,,,,780000.0,78,0
Nelson Farms,5931 W Tuolumne Rd Ceres 95307,37.514649349039,-120.917168744335,,,Other,,,,2024-05-04,False,,,8.0,1000.0,480000.0,48,0
Nelson Farms,5931 W Tuolumne Rd Ceres 95307,37.514649349039,-120.917168744335,,,Other,,,,2024-07-22,False,,,8.0,1000.0,480000.0,48,0
Nelson Farms,5931 W Tadumne Rd Ceres 95307,,,,,Other,,,,2024-02-21,False,,,8.0,1000.0,480000.0,48,0
N & C Silveira Dairy,6025 Hultberg Road Turlock CA 95380,37.436642789951,-120.896652862847,5026 Christofferson Road Turlock 95380,Destination Address,Farmer,37.440678005778,-120.907359151592,,2024-10-18,False,,,,,360000.0,36,0
N & C Silveira Dairy,6025 Hultberg Road Turlock CA 95380,37.436642789951,-120.896652862847,9579 Hultberg Rd Hilmar 95324,Destination Address,Farmer,37.427118936287,-120.89576094453,2024-01-08,2024-03-27,False,,,,,717570.0,72,0
N & C Silveira Dairy,6025 Hultberg Road Turlock CA 95380,37.436642789951,-120.896652862847,9579 Hultberg Rd Hilmar 95324,Destination Address,Farmer,37.427118936287,-120.89576094453,2024-06-22,2024-10-15,False,,,,,1255060.0,126,0
Martins Brothers Dairy,6041 Central Ave Hilmar Merced 95324,37.378794959457,-120.959938159659,Hilmar 95324 Central And Williams Merced,Destination Address,Farmer,,,,2024-04-27,False,,,,,8011753.0,801,0
California Dairy Farms-Larson,6071 North Larson Road Hilmar CA 95324,37.3768219,-120.8426322,,,Farmer,,,2024-02-22,2024-10-14,False,,,,,1764000.0,176,0
California Dairy Farms-Larson,6071 North Larson Road Hilmar CA 95324,37.3768219,-120.8426322,,,Farmer,,,2024-01-31,2024-07-12,False,,,,,2016000.0,202,0
Twin Star Dairy,6480 W Bailey Ave Atwater Merced 95301,37.287719669524,-120.607039432056,Atwater 95301 Oak Ave Merced,Destination Address,Farmer,37.355804991608,-120.602916986962,,2024-04-30,False,,,,,5783486.0,578,0
Twin Star Dairy,6480 W Bailey Ave Atwater Merced 95301,37.287719669524,-120.607039432056,Atwater 95301 Oak Ave Merced,Destination Address,Farmer,37.355804991608,-120.602916986962,,2024-06-30,False,,,,,7021541.0,702,0
Twin Star Dairy,6480 W Bailey Ave Atwater Merced 95301,37.287719669524,-120.607039432056,Atwater 05301 Oak Ave Merced,Destination Address,Farmer,37.280227421357,-120.583511188836,,2024-09-30,False,,,,,7021541.0,702,0
Twin Star Dairy,6480 W Bailey Ave Atwater Merced 95301,37.287719669524,-120.607039432056,Atwater 95301 Oak Ave Merced,Destination Address,Farmer,37.355804991608,-120.602916986962,,2024-12-31,False,,,,,4572630.0,457,0
Double & Dairy,6555 Blue Gum Ave. Modesto 95358,37.660727062105,-121.114318315459,012-034-023,Destination Assessor Parcel Number,Other,35.552162,-121.087588,,2024-08-20,False,,,10.0,1000.0,600000.0,60,0
Double & Dairy,6555 Blue Gum Ave. Modesto 95358,37.660727062105,-121.114318315459,012-034-023,Destination Assessor Parcel Number,Other,35.552162,-121.087588,,2024-09-02,False,,,10.0,1000.0,600000.0,60,0
Double & Dairy,6555 Blue Gum Ave. Modesto 95358,37.660727062105,-121.114318315459,012-028-053,Destination Assessor Parcel Number,Other,34.450579,-119.739451,,2024-10-24,False,9500.0,60.0,,,570000.0,57,0
Crane Villa,6624 Crane Road Oakdale CA 95361,37.734875263523,-120.880931681432,063-027-002,Destination Assessor Parcel Number,Other,37.738219,-120.874174,,2024-05-17,False,9500.0,40.0,,,380000.0,38,0
Silvas Holsteins Dairy,6706 Elaine Rd Turlock Stanislaus 95380,37.430076239365,-120.925696660264,5631 Zeering Rd Ceres 95307 Stanislaus,Destination Address,Farmer,37.529317558972,-120.991993025084,,2024-04-02,True,,,15.0,1800.0,1620000.0,162,0
Silvas Holsteins Dairy,6706 Elaine Rd Turlock Stanislaus 95380,37.430076239365,-120.925696660264,5631 Zeering Rd Ceres 95307 Stanislaus,Destination Address,Farmer,37.529317558972,-120.991993025084,,2024-06-12,True,,,15.0,1800.0,1620000.0,162,0
Larry Inderbitzen Dairy,6930 Paradise Rd. Modesto 95358,37.608103588041,-121.120964745582,017-027-074,Destination Assessor Parcel Number,Other,35.311694,-120.857986,,2024-05-27,True,,,,,990352.0,99,0
Larry Inderbitzen Dairy,6930 Paradise Rd. Modesto 95358,37.608103588041,-121.120964745582,017-027-074,Destination Assessor Parcel Number,Other,35.311694,-120.857986,,2024-06-22,True,,,,,160759.0,16,0
Larry Inderbitzen Dairy,6930 Paradise Rd. Modesto 95358,37.608103588041,-121.120964745582,017-027-074,Destination Assessor Parcel Number,Other,35.311694,-120.857986,,2024-07-19,True,,,,,562989.0,56,0
Larry Inderbitzen Dairy,6930 Paradise Rd. Modesto 95358,37.608103588041,-121.120964745582,017-027-074,Destination Assessor Parcel Number,Other,35.311694,-120.857986,,2024-08-24,True,,,,,741204.0,74,0
Manuel Soares & Sons Dairy,7810 Vivian Rd Modesto CA 95358,37.524278742831,-121.048992975243,3136 W. Monte Vista Ave. Modesto 95358 Stanislaus County,Destination Address,Farmer,37.522079151833,-121.052306481196,,,False,,,,,1400000.0,140,0
Double Cross,"7025 S Central Ave Hilmar, CA 95324",37.431206629106,-120.958578581341,,,Other,,,2024-01-16,2024-01-17,False,,,,,864000.0,86,0
Double Cross,"7025 S Central Ave Hilmar, CA 95324",37.431206629106,-120.958578581341,,,Other,,,2024-02-20,2024-02-21,False,,,,,1404000.0,140,0
Double Cross,"7025 S Central Ave Hilmar, CA 95324",37.431206629106,-120.958578581341,,,Other,,,,2024-03-19,False,,,,,744000.0,74,0
Double Cross,"7025 S Central Ave Hilmar, CA 95324",37.431206629106,-120.958578581341,,,Other,,,2024-06-05,2024-06-06,False,,,,,720000.0,72,0
Double Cross,"7025 S Central Ave Hilmar, CA 95324",37.431206629106,-120.958578581341,,,Other,,,2024-08-02,2024-08-03,False,,,,,1272000.0,127,0
Double Cross,"7025 S Central Ave Hilmar, CA 95324",37.431206629106,-120.958578581341,,,Other,,,2024-08-15,2024-08-16,False,,,,,748000.0,75,0
Double Cross,"7025 S Central Ave Hilmar, CA 95324",37.431206629106,-120.958578581341,,,Other,,,2024-09-10,2024-09-11,False,,,,,1248000.0,125,0
Double Cross,"7025 S Central Ave Hilmar, CA 95324",37.431206629106,-120.958578581341,,,Other,,,2024-09-19,2024-09-20,False,,,,,624000.0,62,0
Lumar Dairy Farms,7215 S. Prairie Flower Rd. Turlock 95380,37.426601269947,-120.931543289186,057-013-005,Destination Assessor Parcel Number,Other,38.094809,-120.494519,,2024-04-04,True,,,,,720000.0,72,0
Lumar Dairy Farms,7215 S. Prairie Flower Rd. Turlock 95380,37.426601269947,-120.931543289186,057-013-005,Destination Assessor Parcel Number,Other,38.094809,-120.494519,,2024-05-09,True,,,,,1380000.0,138,0
Lumar Dairy Farms,7215 S. Prairie Flower Rd. Turlock 95380,37.426601269947,-120.931543289186,057-013-005,Destination Assessor Parcel Number,Other,38.094809,-120.494519,,2024-06-13,True,,,,,1260000.0,126,0
Lumar Dairy Farms,7215 S. Prairie Flower Rd. Turlock 95380,37.426601269947,-120.931543289186,057-013-005,Destination Assessor Parcel Number,Other,38.094809,-120.494519,,2024-06-22,True,,,,,780000.0,78,0
Lumar Dairy Farms,7215 S. Prairie Flower Rd. Turlock 95380,37.426601269947,-120.931543289186,057-013-005,Destination Assessor Parcel Number,Other,38.094809,-120.494519,,2024-07-02,True,,,,,780000.0,78,0
Lumar Dairy Farms,7215 S. Prairie Flower Rd. Turlock 95380,37.426601269947,-120.931543289186,057-013-005,Destination Assessor Parcel Number,Other,38.094809,-120.494519,,2024-07-22,True,,,,,720000.0,72,0
Lumar Dairy Farms,7215 S. Prairie Flower Rd. Turlock 95380,37.426601269947,-120.931543289186,057-013-005,Destination Assessor Parcel Number,Other,38.094809,-120.494519,,2024-08-13,True,,,,,900000.0,90,0
Lumar Dairy Farms,7215 S. Prairie Flower Rd. Turlock 95380,37.426601269947,-120.931543289186,057-013-005,Destination Assessor Parcel Number,Other,38.094809,-120.494519,,2024-08-28,True,,,,,960000.0,96,0
Lumar Dairy Farms,7215 S. Prairie Flower Rd. Turlock 95380,37.426601269947,-120.931543289186,057-013-005,Destination Assessor Parcel Number,Other,38.094809,-120.494519,,2024-10-01,True,,,,,1320000.0,132,0
Wyeth Dairy INC.,7319 Beckwith Rd. Modesto 95358,37.682504420021,-121.129599446957,012-022-001,Destination Assessor Parcel Number,Other,39.513333,-121.56316,,2024-04-17,True,,,31.5,1000.0,1890000.0,189,0
Wyeth Dairy INC.,7319 Beckwith Rd. Modesto 95358,37.682504420021,-121.129599446957,012-022-001,Destination Assessor Parcel Number,Other,39.513333,-121.56316,,2024-05-17,True,,,11.5,1000.0,690000.0,69,0
Wyeth Dairy INC.,7319 Beckwith Ro. Modesto 95358,37.682504420021,-121.129599446957,012-022-001,Destination Assessor Parcel Number,Other,39.513333,-121.56316,,2024-07-26,True,,,18.0,1000.0,1080000.0,108,0
Machado Dairy,7413 S. Mitchell Rd. Turlock 95380,37.424464597099,-120.941026742077,057-023-006,Destination Assessor Parcel Number,Other,37.417898,-120.941788,,2024-03-21,False,,,,,240000.0,24,0
Machado Dairy,7413 S. Mitchell Rs. Turlock 95380,37.424464597099,-120.941026742077,057-023-015,Destination Assessor Parcel Number,Other,38.080564,-120.547528,,2024-03-22,False,,,,,240000.0,24,0
Machado Dairy,7413 S. Mitchell Rd. Turlock 95380,37.424464597099,-120.941026742077,057-012-015,Destination Assessor Parcel Number,Other,38.092463,-120.485064,,2024-04-06,False,,,,,525000.0,52,0
Machado Dairy,7413 S. Mitchell Rd. Turlock 95380,37.424464597099,-120.941026742077,057-012-005,Destination Assessor Parcel Number,Other,37.435676,-120.933489,,2024-04-06,False,,,,,1050000.0,105,0
Machado Dairy,7413 S. Mitchell Rd. Turlock 95380,37.424464597099,-120.941026742077,057-023-006,Destination Assessor Parcel Number,Other,37.417898,-120.941788,,2024-04-11,False,,,,,300000.0,30,0
Machado Dairy,7413 S. Mitchell Rd. Turlock 95380,37.424464597099,-120.941026742077,057-023-015,Destination Assessor Parcel Number,Other,38.080564,-120.547528,,2024-04-11,False,,,,,300000.0,30,0
Machado Dairy,7413 S. Mitchell Rd. Turlock 95380,37.424464597099,-120.941026742077,057-023-006,Destination Assessor Parcel Number,Other,37.417898,-120.941788,,2024-05-27,False,,,,,240000.0,24,0
Machado Dairy,7413 S. Mitchell Rd. Turlock 95380,37.424464597099,-120.941026742077,057-023-015,Destination Assessor Parcel Number,Other,38.080564,-120.547528,,2024-05-27,False,,,,,240000.0,24,0
Machado Dairy,7413 S. Mitchell Rd. Turlock 95380,37.424464597099,-120.941026742077,057-012-015,Destination Assessor Parcel Number,Other,38.092463,-120.485064,,2024-05-31,False,,,,,525000.0,52,0
Machado Dairy,7413 S. Mitchell Rs. Turlock 95380,37.424464597099,-120.941026742077,057-012-005,Destination Assessor Parcel Number,Other,37.435676,-120.933489,,2024-05-31,False,,,,,1050000.0,105,0
Machado Dairy,7413 S. Mitchell Rd. Turlock 95380,37.424464597099,-120.941026742077,057-023-006,Destination Assessor Parcel Number,Other,37.417898,-120.941788,,2024-07-16,False,,,,,210000.0,21,0
Machado Dairy,7413 S. Mitchell Rd. Turlock 95380,37.424464597099,-120.941026742077,057-023-015,Destination Assessor Parcel Number,Other,38.080564,-120.547528,,2024-07-16,False,,,,,210000.0,21,0
Machado Dairy,7413 S. Mitchell Rd. Turlock 95380,37.424464597099,-120.941026742077,057-012-015,Destination Assessor Parcel Number,Other,38.092463,-120.485064,,2024-07-25,False,,,,,630000.0,63,0
Machado Dairy,7413 S. Mitchell Rs. Turlock 95380,37.424464597099,-120.941026742077,057-012-005,Destination Assessor Parcel Number,Other,37.435676,-120.933489,,2024-07-25,False,,,,,1260000.0,126,0
Machado Dairy,7413 S. Mitchell Rd. Turlock 95380,37.424464597099,-120.941026742077,057-023-006,Destination Assessor Parcel Number,Other,37.417898,-120.941788,,2024-08-17,False,,,,,225000.0,22,0
Machado Dairy,7413 S. Mitchell Rd. Turlock 95380,37.424464597099,-120.941026742077,057-023-015,Destination Assessor Parcel Number,Other,38.080564,-120.547528,,2024-08-17,False,,,,,225000.0,22,0
Machado Dairy,7413 S. Mitchell Rd. Turlock 95380,37.424464597099,-120.941026742077,057-012-015,Destination Assessor Parcel Number,Other,38.092463,-120.485064,,2024-08-23,False,,,,,490000.0,49,0
Machado Dairy,7413 S. Mitchell Rd. Turlock 95380,37.424464597099,-120.941026742077,057-012-005,Destination Assessor Parcel Number,Other,37.435676,-120.933489,,2024-08-23,False,,,,,980000.0,98,0
Machado Dairy,7413 S. Mitchell Rd. Turlock 95380,37.424464597099,-120.941026742077,057-023-006,Destination Assessor Parcel Number,Other,37.417898,-120.941788,,2024-09-06,False,,,,,225000.0,22,0
Machado Dairy,7413 S. Mitchell Rd. Turlock 95380,37.424464597099,-120.941026742077,057-023-015,Destination Assessor Parcel Number,Other,38.080564,-120.547528,,2024-09-06,False,,,,,225000.0,22,0
Machado Dairy,7413 S. Mitchell Rd. Turlock 95380,37.424464597099,-120.941026742077,057-012-015,Destination Assessor Parcel Number,Other,38.092463,-120.485064,,2024-09-11,False,,,,,490000.0,49,0
Machado Dairy,7413 S. Mitchell Rs. Turlock 95380,37.424464597099,-120.941026742077,057-012-005,Destination Assessor Parcel Number,Other,37.435676,-120.933489,,2024-09-11,False,,,,,980000.0,98,0
Machado Dairy,7413 S. Mitchell Rs. Turlock 95380,37.424464597099,-120.941026742077,057-023-006,Destination Assessor Parcel Number,Other,37.417898,-120.941788,,2024-10-24,False,,,,,225000.0,22,0
Machado Dairy,7413 S. Mitchell Rs. Turlock 95380,37.424464597099,-120.941026742077,057-023-015,Destination Assessor Parcel Number,Other,38.080564,-120.547528,,2024-10-24,False,,,,,225000.0,22,0
Machado Dairy,7413 S. Mitchell Rd. Turlock 95380,37.424464597099,-120.941026742077,057-012-015,Destination Assessor Parcel Number,Other,38.092463,-120.485064,,2024-10-26,False,,,,,525000.0,52,0
Machado Dairy,7413 S. Mitchell Rd. Turlock 95380,37.424464597099,-120.941026742077,057-012-005,Destination Assessor Parcel Number,Other,37.435676,-120.933489,,2024-10-27,False,,,,,1050000.0,105,0
Machado-Kindberg,7706 Tegner Rd Hilmar Merced 95324,37.400690879394,-120.886397604312,,,Farmer,,,,2024-05-26,False,,,,,840000.0,84,0
Machado-Kindberg,7706 Tegner Rd Hilmar Merced 95324,37.400690879394,-120.886397604312,,,Farmer,,,,2024-07-16,False,,,,,720000.0,72,0
Machado-Kindberg,7706 Tegner Rd Hilmar Merced 95324,37.400690879394,-120.886397604312,,,Farmer,,,,2024-07-28,False,,,,,660000.0,66,0
Machado-Kindberg,7706 Tegner Rd Hilmar Merced 95324,37.400690879394,-120.886397604312,,,Farmer,,,,2024-08-27,False,,,,,600000.0,60,0
Machado-Kindberg,7706 Tegner Rd Hilmar Merced 95324,37.400690879394,-120.886397604312,,,Farmer,,,,2024-10-29,False,,,,,840000.0,84,0
Live Oak Dairy E,8450 S Hwy 33 Gustine Merced 95322,,,9720 S Whitworth Ave Gustine 95322 Merced,Destination Address,Farmer,37.150491620457,-121.032283783944,,2024-03-01,True,,,,,7280000.0,728,0
Live Oak Dairy E,8450 S Hwy 33 Gustine Merced 95322,,,9720 S Whitworth Ave Gustine 95322 Merced,Destination Address,Farmer,37.150491620457,-121.032283783944,,2024-03-01,True,,,,,10000000.0,1000,0
Ken Van Foeken Dairy #2,9735 Washington Road Hilmar CA 95324,37.429735892187,-120.904786242593,Short Ave & Cummings Road Hilmar 95324 Merced County,Destination Address,Farmer,37.42647197909,-120.91356796255,2024-01-08,2024-10-15,False,,,,,8437280.0,844,0
Gold Medal Ag #1,9483 Columbus Ave Hilmar Merced 95324,37.425937968039,-120.868452620166,,,Farmer,,,,2024-01-08,True,,,,,1900000.0,190,0
Gold Medal Ag #1,9483 Columbus Ave Hilmar Merced 95324,37.425937968039,-120.868452620166,22338 Short Ave Hilmar 95324 Merced,Destination Address,Farmer,37.426978371771,-120.891767973496,,2024-02-08,True,,,,,1350000.0,135,0
Gold Medal Ag #1,9483 Columbus Ave Hilmar Merced 95324,37.425937968039,-120.868452620166,,,Farmer,,,,2024-02-26,True,,,,,2090000.0,209,0
Gold Medal Ag #1,9483 Columbus Ave Hilmar Merced 95324,37.425937968039,-120.868452620166,,,Farmer,,,,2024-03-22,True,,,,,2520000.0,252,0
Gold Medal Ag #1,9483 Columbus Ave Hilmar Merced 95324,37.425937968039,-120.868452620166,,,Farmer,,,,2024-03-25,True,,,,,4180000.0,418,0
Gold Medal Ag #1,9483 Columbus Ave Hilmar Merced 95324,37.425937968039,-120.868452620166,,,Farmer,,,,2024-04-03,True,,,,,2970000.0,297,0
Gold Medal Ag #1,9483 Columbus Ave Hilmar Merced 95324,37.425937968039,-120.868452620166,,,Farmer,,,,2024-04-11,True,,,,,2470000.0,247,0
Gold Medal Ag #1,9483 Columbus Ave Hilmar Merced 95324,37.425937968039,-120.868452620166,,,Farmer,,,,2024-04-15,True,,,,,1540000.0,154,0
Gold Medal Ag #1,9483 Columbus Ave Hilmar Merced 95324,37.425937968039,-120.868452620166,9360 Tegner Rd Hilmar 95324 Merced,Destination Address,Farmer,37.424078101036,-120.886247283029,,2024-05-14,True,,,,,2200000.0,220,0
Gold Medal Ag #1,9483 Columbus Ave Hilmar Merced 95324,37.425937968039,-120.868452620166,21510 American Ave Hilmar 95324 Merced,Destination Address,Farmer,37.411986374022,-120.877623847163,,2024-05-28,True,,,,,650000.0,65,0
Gold Medal Ag #1,9483 Columbus Ave Hilmar Merced 95324,37.425937968039,-120.868452620166,9579 Hultberg Rd Hilmar 95324 Merced,Destination Address,Farmer,37.427118936287,-120.89576094453,,2024-06-20,True,,,,,1700000.0,170,0
Gold Medal Ag #1,9483 Columbus Ave Hilmar Merced 95324,37.425937968039,-120.868452620166,9579 Hulberg Rd Hilmar 95324 Merced,Destination Address,Farmer,37.427118936287,-120.89576094453,,2024-06-30,True,,,,,1200000.0,120,0
Gold Medal Ag #1,9483 Columbus Ave Hilmar Merced 95324,37.425937968039,-120.868452620166,,,Farmer,,,,2024-07-03,True,,,,,3600000.0,360,0
Gold Medal Ag #1,9483 Columbus Ave Hilmar Merced 95324,37.425937968039,-120.868452620166,9579 Hultberg Rd Hilmar 95324 Merced,Destination Address,Farmer,37.427118936287,-120.89576094453,,2024-07-09,True,,,,,1800000.0,180,0
Gold Medal Ag #1,9483 Columbus Ave Hilmar Merced 95324,37.425937968039,-120.868452620166,,,Farmer,,,,2024-07-11,True,,,,,2040000.0,204,0
Gold Medal Ag #1,9483 Columbus Ave Hilmar Merced 95324,37.425937968039,-120.868452620166,,,Farmer,,,,2024-07-12,True,,,,,1800000.0,180,0
Gold Medal Ag #1,9483 Columbus Ave Hilmar Merced 95324,37.425937968039,-120.868452620166,9579 Hultberg Rd Hilmar 95324 Merced,Destination Address,Farmer,37.427118936287,-120.89576094453,,2024-07-18,True,,,,,600000.0,60,0
Gold Medal Ag #1,9483 Columbus Ave Hilmar Merced 95324,37.425937968039,-120.868452620166,,,Farmer,,,,2024-07-21,True,,,,,2160000.0,216,0
Gold Medal Ag #1,9483 Columbus Ave Hilmar Merced 95324,37.425937968039,-120.868452620166,,,Farmer,,,,2024-07-31,True,,,,,2250000.0,225,0
Gold Medal Ag #1,9483 Columbus Ave Hilmar Merced 95324,37.425937968039,-120.868452620166,,,Farmer,,,,2024-08-19,True,,,,,2400000.0,240,0
Gold Medal Ag #1,9483 Columbus Ave Hilmar Merced 95324,37.425937968039,-120.868452620166,,,Farmer,,,,2024-08-28,True,,,,,3080000.0,308,0
Gold Medal Ag #1,9483 Columbus Ave Hilmar Merced 95324,37.425937968039,-120.868452620166,,,Farmer,,,,2024-10-11,True,,,,,3910000.0,391,0
Gold Medal Ag #1,9483 Columbus Ave Hilmar Merced 95324,37.425937968039,-120.868452620166,9579 Hultberg Rd Hilmar 95324 Merced,Destination Address,Farmer,37.427118936287,-120.89576094453,,2024-10-21,True,,,,,3200000.0,320,0
Gold Medal Ag #1,9483 Columbus Ave Hilmar Merced 95324,37.425937968039,-120.868452620166,,,Farmer,,,,2024-10-28,True,,,,,900000.0,90,0
Gold Medal Ag #1,9483 Columbus Ave Hilmar Merced 95324,37.425937968039,-120.868452620166,,,Farmer,,,,2024-12-02,True,,,,,3800000.0,380,0
Gold Medal Ag #1,9483 Columbus Ave Hilmar Merced 95324,37.425937968039,-120.868452620166,,,Farmer,,,,2024-12-17,True,,,,,1740000.0,174,0
Gold Medal Ag #1,9483 Columbus Ave Hilmar Merced 95324,37.425937968039,-120.868452620166,,,Farmer,,,,2024-12-20,True,,,,,1760000.0,176,0
Gold Medal Ag #1,9483 Columbus Ave Hilmar Merced 95324,37.425937968039,-120.868452620166,,,Farmer,,,,2024-12-27,True,,,,,7040000.0,704,0
New Hope Dairy,9547 New Hope Rd. Galt 95632,38.247340176919,-121.345644721457,Russ Fields 9416 New Hope Rd. Galt 95632,Destination Address,Other,38.246997770968,-121.347853979723,2024-01-01,2024-02-28,True,,,,,1150000.0,115,0
New Hope Dairy,9547 New Hope Rd. Galt 95632,38.247340176919,-121.345644721457,Northeast Corner Of New Hope Rd. And Valley Tree Rd.,Destination Address,Other,38.247262010466,-121.355377995109,,2024-02-01,True,,,,,400000.0,40,0
New Hope Dairy,9547 New Hope Rd. Galt 95632,38.247340176919,-121.345644721457,Russ Fields 9416 New Hope Rd. Galt 95632,Destination Address,Other,38.246997770968,-121.347853979723,,2024-04-18,True,,,,,350000.0,35,0
New Hope Dairy,9547 New Hope Rd. Galt 95632,38.247340176919,-121.345644721457,Northeast Corner Of New Hope Rd. And Valley Tree Rd.,Destination Address,Other,38.247262010466,-121.355377995109,2024-04-01,2024-05-18,True,,,,,850000.0,85,0
New Hope Dairy,9547 New Hope Rd. Galt 95632,38.247340176919,-121.345644721457,Northeast Corner Of New Hope Rd. And Valley Tree Rd.,Destination Address,Other,38.247262010466,-121.355377995109,,2024-08-01,True,,,,,700000.0,70,0
New Hope Dairy,9547 New Hope Rd. Galt 95632,38.247340176919,-121.345644721457,Northeast Corner Of New Hope Rd. And Valley Tree Rd.,Destination Address,Other,38.247262010466,-121.355377995109,,2024-10-01,True,,,,,350000.0,35,0
Diniz Dairy,9558 Columbus Ave Hilmar Merced 95324,37.427139639588,-120.867198855089,Hilmar 95324 Hilmar Road Merced,Destination Address,Farmer,37.396844003155,-120.795943079008,,2024-04-07,True,,,,,624952.0,62,0
Diniz Dairy,9558 Columbus Ave Hilmar Merced 95324,37.427139639588,-120.867198855089,Hilmar 95324 Hilmar Road Merced,Destination Address,Farmer,37.396844003155,-120.795943079008,,2024-06-30,True,,,,,398958.0,40,0
Diniz Dairy,9558 Columbus Ave Hilmar Merced 95324,37.427139639588,-120.867198855089,Hilmar 95324 Hilmar Road Merced,Destination Address,Farmer,37.396844003155,-120.795943079008,,2024-07-23,True,,,,,353759.0,35,0
Diniz Dairy,9558 Columbus Ave Hilmar Merced 95324,37.427139639588,-120.867198855089,Hilmar 95324 Hilmar Road Merced,Destination Address,Farmer,37.396844003155,-120.795943079008,,2024-08-17,True,,,,,308560.0,31,0
Diniz Dairy,9558 Columbus Ave Hilmar Merced 95324,37.427139639588,-120.867198855089,Hilmar 95324 Hilmar Road Merced,Destination Address,Farmer,37.396844003155,-120.795943079008,,2024-10-09,True,,,,,534554.0,53,0
Diniz Dairy,9558 Columbus Ave Hilmar Merced 95324,37.427139639588,-120.867198855089,9374 Columbus Ave Hilmar 95324 Merced,Destination Address,Farmer,37.424681353115,-120.867681317435,,2024-01-06,True,,,,,489356.0,49,0
Diniz Dairy,9558 Columbus Ave Hilmar Merced 95324,37.427139639588,-120.867198855089,9374 Columbus Ave Hilmar 95324 Merced,Destination Address,Farmer,37.424681353115,-120.867681317435,,2024-01-17,True,,,,,489356.0,49,0
Diniz Dairy,9558 Columbus Ave Hilmar Merced 95324,37.427139639588,-120.867198855089,9374 Columbus Ave Hilmar 95324 Merced,Destination Address,Farmer,37.424681353115,-120.867681317435,,2024-02-29,True,,,,,624952.0,62,0
Diniz Dairy,9558 Columbus Ave Hilmar Merced 95324,37.427139639588,-120.867198855089,9374 Columbus Ave Hilmar 95324 Merced,Destination Address,Farmer,37.424681353115,-120.867681317435,,2024-03-19,True,,,,,624952.0,62,0
Diniz Dairy,9558 Columbus Ave Hilmar Merced 95324,37.427139639588,-120.867198855089,9374 Columbus Ave Hilmar 95324 Merced,Destination Address,Farmer,37.424681353115,-120.867681317435,,2024-05-02,True,,,,,715349.0,72,0
Diniz Dairy,9558 Columbus Ave Hilmar Merced 95324,37.427139639588,-120.867198855089,21476 Johnson Ave Hilmar 95324 Merced,Destination Address,Farmer,37.4334856681,-120.875747316685,,2024-07-22,True,,,,,715349.0,72,0
Diniz Dairy,9558 Columbus Ave Hilmar Merced 95324,37.427139639588,-120.867198855089,21476 Johnson Ave Hilmar 95324 Merced,Destination Address,Farmer,37.4334856681,-120.875747316685,,2024-08-28,True,,,,,534554.0,53,0
Robert Goletti + Sons Dairy,10213 W. Main St. Turlock 95380,37.493113389934,-120.96564380497,058-018-001,Destination Assessor Parcel Number,Other,38.081455,-120.556998,,2024-09-11,False,9500.0,2.0,,,650750.0,65,0
Jose V Silveira Dairy,10652 Newsom Rd Gustine Merced 95322,37.134900813519,-121.00104921544,Gustine 95322 Fahey Road Merced,Destination Address,Farmer,37.122451442502,-120.982259289648,,2024-01-01,True,,,,,4800000.0,480,0
Jose V Silveira Dairy,10652 Newsom Rd Gustine Merced 95322,37.134900813519,-121.00104921544,Gustine 95322 Fahey Road Merced,Destination Address,Farmer,37.122451442502,-120.982259289648,,2024-04-13,True,,,,,4800000.0,480,0
Cross View Dairy,12530 Warnerville Road. Oakdale CA 95361,37.737204971601,-120.764462622239,010-020-018,Destination Assessor Parcel Number,Other,33.316516,-115.956004,,2024-05-01,False,,,,,1200000.0,120,0
Silva Brothers Dairy #1,12997 E. Peltier Road Acampo CA 95220,38.192345331513,-121.157779405433,"007-280-29,007-280-30",Destination Assessor Parcel Number,Other,33.744888,-117.899511,2024-06-24,2024-07-01,False,,,,,4187310.0,419,0
Ivy Star Dairy Llc,14903 Volta Rd Los Banos Merced 93635,37.071781268842,-120.928324051634,720 Jefferson Ave Los Banos 93635 Merced,Destination Address,Farmer,37.054165422979,-120.846201632686,,2024-04-30,False,10000.0,282.0,,,2820000.0,282,0
Rodoni Dairy Farms Lp,18037 S Center Ave Los Banos Merced 93635,37.048411780859,-120.853787931045,19556 W. Charleston Los Banos 93635 Merced,Destination Address,Farmer,36.983929275331,-120.848290161018,,2024-10-10,False,,,,,4398500.0,440,0
Van Exel Dairy #2,18948 N. Thornton Road Lodi CA 95242,38.154967868773,-121.397953537012,,,Other,,,,2024-01-20,True,,,15.0,800.0,720000.0,72,0
Van Exel Dairy #2,18948 N. Thornton Road Lodi CA 95242,38.154967868773,-121.397953537012,,,Other,,,,2024-03-18,True,,,14.5,800.0,696000.0,70,0
Van Exel Dairy #2,18948 N. Thornton Road Lodi CA 95242,38.154967868773,-121.397953537012,,,Other,,,,2024-09-15,True,,,18.0,800.0,864000.0,86,0
Van Exel Dairy #2,18948 N. Thornton Road Lodi CA 95242,38.154967868773,-121.397953537012,,,Other,,,,2024-11-14,True,,,16.0,800.0,768000.0,77,0
Doornenbal Dairy #3,19325 Lone Tree Road Escalon CA 95320,37.827766490089,-121.074046623462,205-060-07,Destination Assessor Parcel Number,Other,37.749662,-121.850436,,2024-04-01,False,8400.0,100.0,,,840000.0,84,0
Doornenbal Dairy #3,19325 Lone Tree Road Escalon CA 95320,37.827766490089,-121.074046623462,205-060-07,Destination Assessor Parcel Number,Other,37.749662,-121.850436,,2024-05-18,False,8400.0,250.0,,,2100000.0,210,0
Gm Silva Dairy,20316 Crane Ave Hilmar 95324,37.373532004363,-120.863109995082,,,Other,,,,2024-02-27,False,,,,,1260000.0,126,0
Gm Silva Dairy,20316 Crane Ave Hilmar 95324,37.373532004363,-120.863109995082,,,Other,,,,2024-07-19,False,,,,,840000.0,84,0
Gm Silva Dairy,20316 Crane Ave Hilmar 95324,37.373532004363,-120.863109995082,,,Other,,,,2024-08-09,False,,,,,840000.0,84,0
Gm Silva Dairy,20316 Crane Ave Hilmar 95324,37.373532004363,-120.863109995082,,,Other,,,,2024-08-11,False,,,,,840000.0,84,0
Gm Silva Dairy,20316 Crane Ave Hilmar 95324,37.373532004363,-120.863109995082,,,Other,,,,2024-08-23,False,,,,,840000.0,84,0
Gold Medal Ag Llc #2,20326 Johnson Ave Hilmar Merced 95324,37.433340184494,-120.856819756446,20694 Johnson Ave Hilmar 95324 Merced,Destination Address,Farmer,37.433599237089,-120.861452306091,,2024-02-08,True,,,,,360000.0,36,0
Gold Medal Ag Llc #2,20326 Johnson Ave Hilmar Merced 95324,37.433340184494,-120.856819756446,20758 Johnson Ave Hilmar 95324 Merced,Destination Address,Farmer,37.433600787741,-120.863563707501,,2024-02-20,True,,,,,480000.0,48,0
Gold Medal Ag Llc #2,20326 Johnson Ave Hilmar Merced 95324,37.433340184494,-120.856819756446,20758 Johnson Ave Hilmar 95324 Merced,Destination Address,Farmer,37.433600787741,-120.863563707501,,2024-03-25,True,,,,,240000.0,24,0
Gold Medal Ag Llc #2,20326 Johnson Ave Hilmar Merced 95324,37.433340184494,-120.856819756446,21809 Williams Ave Hilmar 95324 Merced,Destination Address,Farmer,37.389908090199,-120.883677756559,,2024-03-26,True,,,,,480000.0,48,0
Gold Medal Ag Llc #2,20326 Johnson Ave Hilmar Merced 95324,37.433340184494,-120.856819756446,20694 Johnson Ave Hilmar 95324 Merced,Destination Address,Farmer,37.433599237089,-120.861452306091,,2024-03-27,True,,,,,360000.0,36,0
Gold Medal Ag Llc #2,20326 Johnson Ave Hilmar Merced 95324,37.433340184494,-120.856819756446,20694 Johnson Ave Hilmar 95324 Merced,Destination Address,Farmer,37.433599237089,-120.861452306091,,2024-05-11,True,,,,,160000.0,16,0
Gold Medal Ag Llc #2,20326 Johnson Ave Hilmar Merced 95324,37.433340184494,-120.856819756446,21809 Williams Ave Hilmar 95324 Merced,Destination Address,Farmer,37.389908090199,-120.883677756559,,2024-05-23,True,,,,,240000.0,24,0
Gold Medal Ag Llc #2,20326 Johnson Ave Hilmar Merced 95324,37.433340184494,-120.856819756446,21809 Williams Ave Hilmar 95324 Merced,Destination Address,Farmer,37.389908090199,-120.883677756559,,2024-07-17,True,,,,,1800000.0,180,0
Gold Medal Ag Llc #2,20326 Johnson Ave Hilmar Merced 95324,37.433340184494,-120.856819756446,21809 Williams Ave Hilmar 95324 Merced,Destination Address,Farmer,37.389908090199,-120.883677756559,,2024-08-01,True,,,,,160000.0,16,0
Gold Medal Ag Llc #2,20326 Johnson Ave Hilmar Merced 95324,37.433340184494,-120.856819756446,21809 Williams Ave Hilmar 95324 Merced,Destination Address,Farmer,37.389908090199,-120.883677756559,,2024-08-12,True,,,,,240000.0,24,0
Gold Medal Ag Llc #2,20326 Johnson Ave Hilmar Merced 95324,37.433340184494,-120.856819756446,3605 Soderquist Ave Turlock 95380 Stanislaus,Destination Address,Other,37.459491330418,-120.862825255348,,2024-09-27,False,,,,,570000.0,57,0
Nyman Brothers Dairy,20445 August Ave Hilmar Merced 95324,37.418474679542,-120.858065933389,,,Farmer,,,,2024-01-19,True,,,,,1800000.0,180,0
Nyman Brothers Dairy,20445 August Ave Hilmar Merced 95324,37.418474679542,-120.858065933389,,,Farmer,,,,2024-02-26,True,,,,,1935000.0,194,0
Nyman Brothers Dairy,20445 August Ave Hilmar Merced 95324,37.418474679542,-120.858065933389,,,Farmer,,,,2024-06-18,True,,,,,1770000.0,177,0
Nyman Brothers Dairy,20445 August Ave Hilmar Merced 95324,37.418474679542,-120.858065933389,,,Farmer,,,,2024-07-16,True,,,,,1710000.0,171,0
Nyman Brothers Dairy,20445 August Ave Hilmar Merced 95324,37.418474679542,-120.858065933389,,,Farmer,,,,2024-07-28,True,,,,,1530000.0,153,0
Nyman Brothers Dairy,20445 August Ave Hilmar Merced 95324,37.418474679542,-120.858065933389,,,Farmer,,,,2024-08-10,True,,,,,1650000.0,165,0
Nyman Brothers Dairy,20445 August Ave Hilmar Merced 95324,37.418474679542,-120.858065933389,,,Farmer,,,,2024-08-22,True,,,,,1530000.0,153,0
Nylund Dairy Farms Llc,20723 Geer Ave Hilmar Merced 95324,37.39662427334,-120.863036485791,,,Farmer,,,,2024-05-27,True,,,,,420000.0,42,0
Nylund Dairy Farms Llc,20723 Geer Ave Hilmar Merced 95324,37.39662427334,-120.863036485791,,,Farmer,,,,2024-07-14,True,,,,,360000.0,36,0
Nylund Dairy Farms Llc,20723 Geer Ave Hilmar Merced 95324,37.39662427334,-120.863036485791,,,Farmer,,,,2024-08-08,True,,,,,420000.0,42,0
Nylund Dairy Farms Llc,20723 Geer Ave Hilmar Merced 95324,37.39662427334,-120.863036485791,,,Farmer,,,,2024-07-23,True,,,,,420000.0,42,0
Nylund Dairy Farms Llc,20723 Geer Ave Hilmar Merced 95324,37.39662427334,-120.863036485791,,,Farmer,,,,2024-08-21,True,,,,,420000.0,42,0
Nylund Dairy Farms Llc,20723 Geer Ave Hilmar Merced 95324,37.39662427334,-120.863036485791,,,Farmer,,,,2024-10-11,True,,,,,420000.0,42,0
Tiberio Azevedo Dairy,21480 August Avenue Hilmar CA 95324,37.421856987021,-120.877076592705,,,Farmer,,,2024-04-20,2024-08-03,False,,,,,2779500.0,278,0
Tiberio Azevedo Dairy,21480 August Avenue Hilmar CA 95324,37.421856987021,-120.877076592705,,,Farmer,,,2024-03-04,2024-04-01,False,,,,,1836000.0,184,0
Tiberio Azevedo Dairy,21480 August Avenue Hilmar CA 95324,37.421856987021,-120.877076592705,21536 August Avenue Hilmar 95324 Merced County,Destination Address,Farmer,37.423285305231,-120.877858121357,2024-06-21,2024-08-17,False,,,,,3925000.0,392,0
Tiberio Azevedo Dairy,21480 August Avenue Hilmar CA 95324,37.421856987021,-120.877076592705,21536 August Avenue Hilmar 95324 Merced County,Destination Address,Farmer,37.423285305231,-120.877858121357,,2024-03-02,False,,,,,1915000.0,192,0
Clauss Dairy,21670 Bloss Ave Hilmar 95324,37.404879148772,-120.88069204282,,,Other,,,2024-01-15,,,,,,,,,
Clauss Dairy,21670 Bloss Ave Hilmar 95324,37.404879148772,-120.88069204282,,,Other,,,2024-02-16,,,,,,,,,
Clauss Dairy,21670 Bloss Ave Hilmar 95324,37.404879148772,-120.88069204282,,,Other,,,2024-03-08,,,,,,,,,
Clauss Dairy,21670 Bloss Ave Hilmar 95324,37.404879148772,-120.88069204282,,,Other,,,,2024-01-04,False,,,,,235755.0,24,0
Clauss Dairy,21670 Bloss Ave Hilmar 95324,37.404879148772,-120.88069204282,,,Other,,,,2024-02-01,False,,,,,185750.0,19,0
Clauss Dairy,21670 Bloss Ave Hilmar 95324,37.404879148772,-120.88069204282,,,Other,,,,2024-02-29,False,,,,,280755.0,28,0
Clauss Dairy,21670 Bloss Ave Hilmar 95324,37.404879148772,-120.88069204282,,,Other,,,,2024-03-20,False,,,,,265500.0,27,0
Clauss Dairy,21670 Bloss Ave Hilmar 95324,37.404879148772,-120.88069204282,,,Other,,,,2024-04-28,False,,,,,625500.0,63,0
Clauss Dairy,21670 Bloss Ave Hilmar 95324,37.404879148772,-120.88069204282,,,Other,,,,2024-06-26,False,,,,,427500.0,43,0
Clauss Dairy,21670 Bloss Ave Hilmar 95324,37.404879148772,-120.88069204282,,,Other,,,,2024-07-06,False,,,,,270000.0,27,0
Clauss Dairy,21670 Bloss Ave Hilmar 95324,37.404879148772,-120.88069204282,,,Other,,,,2024-07-21,False,,,,,550500.0,55,0
Clauss Dairy,21670 Bloss Ave Hilmar 95324,37.404879148772,-120.88069204282,,,Other,,,,2024-08-09,False,,,,,395400.0,40,0
Clauss Dairy,21670 Bloss Ave Hilmar 95324,37.404879148772,-120.88069204282,,,Other,,,,2024-10-02,False,,,,,132500.0,13,0
Clauss Dairy,21670 Bloss Ave Hilmar 95324,37.404879148772,-120.88069204282,,,Other,,,,2024-11-27,False,,,,,230000.0,23,0
Hilmar Holsteins,21859 Crane Rd. Hilmar CA 95324,37.379993,-120.880066,Crane Rd.,Destination Address,Other,,,,2024-01-19,False,,,,,2424140.0,242,0
Hilmar Holsteins,21859 Crane Rd. Hilmar CA 95324,37.379993,-120.880066,Crane Rd.,Destination Address,Other,,,,2024-02-22,False,,,,,3406050.0,341,0
Hilmar Holsteins,21859 Crane Rd. Hilmar CA 95324,37.379993,-120.880066,Crane Rd.,Destination Address,Other,,,,2024-05-20,False,,,,,2871670.0,287,0
Hilmar Holsteins,21859 Crane Rd. Hilmar CA 95324,37.379993,-120.880066,Crane Rd.,Destination Address,Other,,,,2024-07-22,False,,,,,3604101.0,360,0
Hilmar Holsteins,21859 Crane Rd. Hilmar CA 95324,37.379993,-120.880066,,,Other,,,,2024-02-11,False,,,,,1908170.0,191,0
Hilmar Holsteins,21859 Crane Rd. Hilmar CA 95324,37.379993,-120.880066,,,Other,,,,2024-03-24,False,,,,,2241300.0,224,0
Hilmar Holsteins,21859 Crane Rd. Hilmar CA 95324,37.379993,-120.880066,,,Other,,,,2024-06-12,False,,,,,1826400.0,183,0
Hilmar Holsteins,21859 Crane Rd. Hilmar CA 95324,37.379993,-120.880066,,,Other,,,,2024-07-21,False,,,,,1007140.0,101,0
Hilmar Holsteins,21859 Crane Rd. Hilmar CA 95324,37.379993,-120.880066,,,Other,,,,2024-08-22,False,,,,,1776213.0,178,0
Hilmar Holsteins,21859 Crane Rd. Hilmar CA 95324,37.379993,-120.880066,,,Other,,,,2024-09-03,False,,,,,1626005.0,163,0
Hilmar Holsteins,21859 Crane Rd. Hilmar CA 95324,37.379993,-120.880066,,,Other,,,,2024-10-18,False,,,,,1296000.0,130,0
Hilmar Holsteins,21859 Crane Rd. Hilmar CA 95324,37.379993,-120.880066,,,Other,,,,2024-02-08,False,,,,,2024000.0,202,0
Hilmar Holsteins,21859 Crane Rd. Hilmar CA 95324,37.379993,-120.880066,,,Other,,,,2024-03-20,False,,,,,1897400.0,190,0
B-6 Dairy,22014 Turner Road Hilmar CA 95324,37.375484,-120.888949,,,Farmer,,,2024-05-26,2024-08-10,False,,,,,5842000.0,584,0
Sunwest Jerseys,22270 Bloss Ave Hilmar 95324,37.405353103487,-120.891440073443,,,Other,,,,2024-01-10,False,,,,,,,
Sunwest Jerseys,22270 Bloss Ave Hilmar 95324,37.405353103487,-120.891440073443,,,Other,,,,2024-02-12,False,,,,,200.75,0,0
Sunwest Jerseys,22270 Bloss Ave Hilmar 95324,37.405353103487,-120.891440073443,,,Other,,,,2024-03-15,False,,,,,240000.0,24,0
Sunwest Jerseys,22270 Bloss Ave Hilmar 95324,37.405353103487,-120.891440073443,,,Other,,,,2024-04-24,False,,,,,490000.0,49,0
Sunwest Jerseys,22270 Bloss Ave Hilmar 95324,37.405353103487,-120.891440073443,,,Other,,,,2024-06-13,False,,,,,840000.0,84,0
Sunwest Jerseys,22270 Bloss Ave Hilmar 95324,37.405353103487,-120.891440073443,,,Farmer,,,,2024-07-03,False,,,,,392000.0,39,0
Sunwest Jerseys,22270 Bloss Ave Hilmar 95324,37.405353103487,-120.891440073443,,,Other,,,,2024-07-28,False,,,,,840000.0,84,0
Sunwest Jerseys,22270 Bloss Ave Hilmar 95324,37.405353103487,-120.891440073443,,,Other,,,,2024-10-18,False,,,,,500000.0,50,0
Sunwest Jerseys,22270 Bloss Ave Hilmar 95324,37.405353103487,-120.891440073443,,,Farmer,,,,2024-12-09,False,,,,,325755.0,33,0
Sunwest Jerseys,22270 Bloss Ave Hilmar 95324,37.405353103487,-120.891440073443,,,Other,,,,2024-02-03,False,,,,,1200000.0,120,0
Sunwest Jerseys,22270 Bloss Ave Hilmar 95324,37.405353103487,-120.891440073443,,,Other,,,,2024-08-22,False,,,,,720000.0,72,0
Sunwest Jerseys,22270 Bloss Ave Hilmar 95324,37.405353103487,-120.891440073443,,,Other,,,,2024-01-13,False,,,,,1440000.0,144,0
Sunwest Jerseys,22270 Bloss Ave Hilmar 95324,37.405353103487,-120.891440073443,,,Other,,,,2024-02-16,False,,,,,1440000.0,144,0
Sunwest Jerseys,22270 Bloss Ave Hilmar 95324,37.405353103487,-120.891440073443,,,Other,,,,2024-04-12,False,,,,,1200000.0,120,0
Sunwest Jerseys,22270 Bloss Ave Hilmar 95324,37.405353103487,-120.891440073443,,,Other,,,,2024-08-19,False,,,,,720000.0,72,0
Sunwest Jerseys,22270 Bloss Ave Hilmar 95324,37.405353103487,-120.891440073443,,,Other,,,,2024-02-05,False,,,,,1440000.0,144,0
Sunwest Jerseys,22270 Bloss Ave Hilmar 95324,37.405353103487,-120.891440073443,,,Other,,,,2024-03-09,False,,,,,1560000.0,156,0
Sunwest Jerseys,22270 Bloss Ave Hilmar 95324,37.405353103487,-120.891440073443,,,Other,,,,2024-04-02,False,,,,,1320000.0,132,0
Sunwest Jerseys,22270 Bloss Ave Hilmar 95324,37.405353103487,-120.891440073443,,,Other,,,,2024-09-01,False,,,,,960000.0,96,0
Sunwest Jerseys,22270 Bloss Ave Hilmar 95324,37.405353103487,-120.891440073443,,,Other,,,,2024-10-15,False,,,,,960000.0,96,0
Sierra Vista Dairy,22426 E. Monte Vista Ave. Denaiir 95316,37.520565061076,-120.62907438174,042-150-062,Destination Assessor Parcel Number,Other,37.530947,-122.305974,,2024-11-12,False,9500.0,247.0,,,2346500.0,235,0
Sierra Vista Dairy,22426 E. Monte Vista Ave. Denaiir 95316,37.520565061076,-120.62907438174,042-020-025,Destination Assessor Parcel Number,Other,36.857866,-120.440422,,2024-11-12,False,9500.0,55.0,,,522500.0,52,0
Sierra Vista Dairy,22426 E. Monte Vista Ave. Denaiir 95316,37.520565061076,-120.62907438174,,,Other,,,,2024-11-12,False,9500.0,41.0,,,389500.0,39,0
Teixeira & Sons (Formerly John & Nicole Santos Dairy),22759 S Mercey Springs Rd Los Banos Merced 93635,36.957177099286,-120.839305222425,Los Banos 93635 Mercy Springs Merced,Destination Address,Farmer,37.115572851786,-120.834801599578,,2024-01-01,False,10000.0,370.0,,,3700000.0,370,0
Charles Ahlem Ranches,23546 W. American Ave Hilmar CA 95324,37.4122023,-120.913743,23204 Bloss Ave Hilmar CA 95324,Destination Address,Other,37.404939372747,-120.908510573631,,2024-06-03,False,,,,,1260000.0,126,0
Charles Ahlem Ranches,23546 W. American Ave Hilmar CA 95324,37.4122023,-120.913743,23204 Bloss Ave Hilmar CA 95324,Destination Address,Other,37.404939372747,-120.908510573631,,2024-07-25,False,,,,,990000.0,99,0
Charles Ahlem Ranches,23546 W. American Ave Hilmar CA 95324,37.4122023,-120.913743,23204 Bloss Ave Hilmar CA 95324,Destination Address,Other,37.404939372747,-120.908510573631,,2024-08-03,False,,,,,816000.0,82,0
Charles Ahlem Ranches,23546 W. American Ave Hilmar CA 95324,37.4122023,-120.913743,23204 Bloss Ave Hilmar CA 95324,Destination Address,Other,37.404939372747,-120.908510573631,,2024-08-14,False,,,,,744000.0,74,0
Charles Ahlem Ranches,23546 W. American Ave Hilmar CA 95324,37.4122023,-120.913743,23204 Bloss Ave Hilmar CA 95324,Destination Address,Other,37.404939372747,-120.908510573631,,2024-08-23,False,,,,,468000.0,47,0
Charles Ahlem Ranches,23546 W. American Ave Hilmar CA 95324,37.4122023,-120.913743,23204 Bloss Ave Hilmar CA 95324,Destination Address,Other,37.404939372747,-120.908510573631,,2024-09-03,False,,,,,645000.0,64,0
R&S Dairy,24065 E. Arthur Road Escalon CA 95320,37.8133004,-121.0144209,229-070-09,Destination Assessor Parcel Number,Other,33.945546,-117.391368,2024-05-01,2024-05-05,False,,,,,2400000.0,240,0
Ray & Sue Quaresma Dairy,26290 S. Union Road Manteca CA 95337,37.716051772105,-121.231490113415,,,Other,,,2024-05-18,2024-05-22,True,,,,,6468000.0,647,0
Ray & Sue Quaresma Dairy,26290 S. Union Road Manteca CA 95337,37.716051772105,-121.231490113415,,,Other,,,2024-10-09,2024-10-14,True,,,,,7234320.0,723,0
Manuel Mendes Dairy,29744 Cottonwood Rd Gustine 95322,37.18974067233,-121.026112866134,063-250-029,Destination Assessor Parcel Number,Other,39.838974,-121.668555,,2024-06-21,True,,,,,780000.0,78,0
Lawrence Family Farms,14760 Ave. 208 Tulare 93274,36.168288717125,-119.243422206139,,,Other,,,2024-01-01,2024-12-31,False,,,,,5683200.0,568,0
Triple H #1,13255 Ave 212 Tulare CA 93274,36.17211367291,-119.275409895589,"191-140-008,191-140-009",Destination Assessor Parcel Number,Other,36.172146,-119.283695,2024-02-01,2024-02-18,False,,,,,35000000.0,3500,0
Van Beek Bros Dairy,14808 Rd 152 Tipton 93272,36.058900494352,-119.232296878969,232-160-001,Destination Assessor Parcel Number,Other,36.062113,-119.245767,2024-01-01,2024-12-31,False,,,,,13824000.0,1382,0
Vintage Dairy,12608 Road 144 Tipton CA 93272,36.016380193271,-119.250441213709,13167 Road 144 Tipton CA 93272,Destination Contact Address,Farmer,36.029793249531,-119.25052811144,,2024-12-31,False,,,,,37244426.4,3724,0
Decade Dairy,3313 Avenue 256 Tulare CA 93274,36.255277433231,-119.529051797762,Tri Palm Dairy 2429 Idaho Avenude Hanford CA 93230,Destination Contact Address,Farmer,36.268825999586,-119.499869970372,2024-04-15,2024-07-18,False,,,,,7168656.0,717,0
Scheenstra Dairy,16800 Rd 96 Tipton 93272,36.095494253402,-119.357710026157,"228-090-004,228-090-013",Destination Assessor Parcel Number,Other,36.107228,-119.344429,2024-01-01,2024-12-31,False,,,,,32000000.0,3200,0
